id,tb_booking_id,tb_room_id,number_of_rooms,tb_hotel_id
1,354,162,5,43
2,720,167,3,17
3,795,120,2,27
4,911,67,5,6
5,292,188,2,35
6,819,117,3,15
7,272,187,3,1
8,525,17,5,28
9,7,129,3,22
10,189,81,4,25
11,665,171,2,16
12,266,49,5,48
13,57,6,4,23
14,307,75,3,5
15,474,142,1,18
16,627,96,4,3
17,33,122,2,30
18,300,127,1,29
19,269,185,1,21
20,16,132,5,20
21,591,104,4,38
22,436,10,2,24
23,456,149,5,44
24,332,148,5,8
25,380,23,1,33
26,782,136,4,47
27,910,26,5,41
28,555,5,3,11
29,400,170,3,36
30,495,62,4,40
31,399,13,5,14
32,645,92,4,45
33,338,152,1,9
34,37,147,1,34
35,603,73,4,7
36,689,97,3,13
37,772,131,1,26
38,938,58,4,4
39,30,16,5,19
40,256,72,5,31
41,417,176,5,49
42,628,172,5,2
43,564,145,2,46
44,750,29,3,37
46,183,103,3,39
47,302,95,3,32
48,243,134,3,42
49,178,56,4,12
50,870,143,5,10
51,143,3,3,26
52,539,169,5,16
53,320,82,1,40
54,11,188,3,35
55,299,145,1,46
56,87,157,5,10
57,650,6,2,23
58,55,151,4,17
59,973,158,1,20
60,926,176,5,49
61,965,195,4,11
62,875,137,3,4
63,255,12,3,34
64,4,54,2,48
65,411,23,4,33
66,27,46,3,5
67,562,193,2,19
68,113,95,3,32
69,475,142,2,18
70,495,1,4,45
71,789,184,1,9
72,253,8,5,14
73,717,2,5,6
74,322,138,3,44
75,399,123,1,1
76,149,81,2,25
77,770,29,5,37
78,966,134,3,42
79,177,78,3,36
81,190,14,1,29
82,685,121,5,39
83,607,43,5,21
84,638,190,1,15
85,611,86,2,38
86,440,4,3,47
87,608,120,2,27
88,107,97,3,13
89,466,26,5,41
90,885,73,3,7
91,815,108,3,43
92,181,53,5,3
93,242,110,2,28
94,135,15,2,12
95,401,133,3,24
96,62,153,3,22
97,782,20,1,30
98,817,84,3,8
99,995,68,5,2
100,831,41,4,31
101,216,153,4,22
102,939,80,5,13
103,430,71,1,44
104,952,163,3,45
105,55,193,2,19
106,427,111,2,24
107,926,142,1,18
108,302,78,5,36
109,758,88,2,39
111,806,196,2,14
112,457,40,5,12
113,547,151,3,17
114,994,199,4,27
115,993,165,1,20
116,936,99,4,23
117,214,155,5,3
118,482,192,1,48
119,144,68,4,2
120,898,145,2,46
121,322,26,3,41
122,564,87,3,4
123,964,86,2,38
124,188,186,2,43
125,660,48,5,9
126,52,62,5,40
127,442,110,4,28
128,132,29,2,37
129,872,95,3,32
130,947,41,5,31
131,699,90,3,21
132,46,122,2,30
133,860,101,4,33
134,760,131,5,26
135,454,98,4,49
136,207,11,4,25
137,278,27,3,8
138,476,195,1,11
139,375,127,5,29
140,480,51,3,7
141,804,147,1,34
142,164,75,3,5
143,759,164,1,6
144,71,130,5,42
145,400,188,2,35
146,908,52,3,1
147,151,38,4,16
148,504,107,3,15
149,424,136,4,47
150,76,191,2,10
151,525,43,2,21
152,402,95,1,32
153,773,174,1,12
154,349,47,3,1
155,348,19,3,9
156,528,96,5,3
157,618,75,3,5
158,616,118,3,11
159,182,3,5,26
160,245,45,3,7
161,469,8,5,14
162,334,153,5,22
163,668,199,2,27
164,142,171,4,16
165,33,26,3,41
166,749,121,5,39
167,437,54,1,48
168,202,33,5,4
170,914,10,4,24
171,501,23,3,33
172,580,157,2,10
173,257,151,5,17
174,930,136,5,47
175,63,61,3,8
176,532,83,1,43
177,120,35,3,28
178,760,147,1,34
179,567,81,5,25
180,137,104,2,38
181,128,31,1,30
182,657,128,3,23
183,954,62,1,40
184,48,21,3,44
185,593,132,2,20
186,711,29,5,37
187,802,1,1,45
188,192,25,4,13
189,581,172,2,2
190,200,193,4,19
191,766,188,1,35
192,444,115,1,6
193,151,102,3,36
194,116,135,4,15
195,32,127,4,29
196,167,7,3,46
197,724,142,3,18
198,6,41,5,31
199,658,189,4,42
200,843,176,3,49
201,583,86,5,38
202,425,55,2,14
203,375,142,4,18
204,363,102,4,36
205,723,17,4,28
206,108,7,3,46
207,338,56,5,12
208,910,154,2,21
209,760,148,5,8
211,690,68,5,2
212,97,141,3,42
213,725,82,5,40
214,692,149,2,44
215,683,111,4,24
216,393,29,4,37
217,475,103,1,39
218,835,12,4,34
219,569,26,5,41
220,563,96,5,3
221,613,158,3,20
222,870,37,1,23
223,607,188,5,35
224,446,74,4,49
225,334,72,1,31
226,919,127,2,29
227,799,135,3,15
228,388,58,1,4
229,943,75,2,5
230,359,152,2,9
231,252,11,1,25
232,912,66,1,11
233,497,143,1,10
234,953,38,3,16
235,778,113,3,26
236,882,34,3,17
237,983,44,1,47
238,581,197,1,6
239,964,79,2,30
240,685,18,5,22
241,117,186,5,43
242,759,76,4,32
243,753,163,1,45
244,62,199,3,27
245,499,23,2,33
246,842,193,2,19
247,187,52,3,1
248,673,144,1,48
249,797,70,3,13
250,96,51,2,7
251,194,152,1,9
252,74,95,2,32
253,698,142,2,18
254,813,130,5,42
255,545,147,2,34
256,822,174,3,12
257,116,196,2,14
258,404,132,5,20
259,158,119,3,2
260,39,49,5,48
261,339,188,2,35
262,973,117,4,15
263,798,153,4,22
264,365,82,2,40
265,894,58,1,4
267,415,86,5,38
268,266,185,2,21
269,923,191,4,10
270,501,1,2,45
271,653,126,4,5
272,177,166,3,11
273,789,159,1,27
274,847,6,5,23
275,334,96,2,3
276,144,26,5,41
277,256,103,5,39
278,131,97,3,13
279,757,124,4,36
280,927,10,2,24
281,146,145,3,46
282,958,131,5,26
283,778,169,5,16
284,299,4,5,47
285,326,51,5,7
286,335,81,3,25
287,89,193,2,19
288,715,35,3,28
289,229,74,2,49
290,432,122,3,30
291,211,149,1,44
292,558,69,2,33
293,733,34,3,17
294,407,108,5,43
295,613,29,4,37
296,482,2,4,6
297,568,116,3,29
298,471,72,1,31
299,42,105,1,1
300,6,84,4,8
301,69,168,4,30
302,254,7,2,46
303,478,123,4,1
305,472,121,5,39
306,116,16,2,19
307,182,14,1,29
308,710,81,1,25
309,193,30,4,7
310,934,40,1,12
311,879,195,2,11
312,815,24,4,27
313,301,111,2,24
314,153,129,3,22
315,639,179,2,15
316,975,70,4,13
317,708,119,4,2
318,672,142,1,18
319,66,35,4,28
320,436,144,5,48
321,769,140,4,23
322,283,62,2,40
323,748,95,5,32
324,243,13,3,14
325,444,58,2,4
326,482,59,5,42
327,357,149,4,44
328,842,4,3,47
329,964,74,3,49
330,754,165,1,20
331,651,63,1,36
332,284,86,1,38
333,438,157,5,10
334,841,100,1,8
335,292,147,5,34
336,658,162,4,43
337,575,38,2,16
338,82,72,4,31
339,325,152,1,9
340,932,26,3,41
341,869,23,4,33
342,534,178,2,35
343,643,64,5,5
344,967,90,3,21
345,458,34,1,17
346,655,29,1,37
347,525,53,4,3
348,527,163,2,45
349,14,115,2,6
350,376,113,3,26
351,768,90,1,21
352,681,29,4,37
353,682,53,3,3
354,851,56,5,12
355,136,127,3,29
356,467,86,4,38
357,315,180,5,11
358,888,82,1,40
359,241,142,2,18
360,898,11,3,25
361,779,9,3,8
362,52,132,1,20
363,474,23,2,33
364,918,26,2,41
365,124,16,2,19
366,540,89,2,27
367,287,119,4,2
368,488,35,2,28
369,50,111,5,24
370,333,76,3,32
371,769,200,4,43
372,825,188,2,35
373,727,72,2,31
374,32,113,5,26
375,713,30,4,7
376,523,145,5,46
377,838,124,5,36
378,427,1,3,45
379,792,175,2,4
380,534,176,5,49
381,522,59,1,42
382,983,151,2,17
383,694,152,5,9
384,536,49,2,48
385,275,64,4,5
386,737,114,4,34
387,134,55,1,14
388,111,88,5,39
389,984,191,3,10
390,85,18,5,22
391,818,171,2,16
393,691,85,5,1
394,821,156,5,6
395,788,122,2,30
396,378,99,1,23
397,81,25,2,13
398,433,44,5,47
399,668,107,2,15
400,972,138,2,44
402,549,107,4,15
403,552,14,4,29
404,513,4,3,47
405,704,182,4,49
406,661,130,1,42
407,701,55,3,14
408,990,122,5,30
409,772,104,1,38
410,579,12,2,34
411,302,188,1,35
412,732,17,4,28
413,632,27,1,8
414,708,57,3,33
415,851,45,3,7
416,418,77,5,25
417,228,103,1,39
418,154,89,1,27
419,596,21,5,44
420,764,166,2,11
421,670,105,2,1
422,60,193,2,19
423,469,133,2,24
424,880,153,5,22
425,840,200,3,43
426,512,152,2,9
427,659,41,4,31
428,676,142,1,18
429,995,34,2,17
430,50,106,4,2
431,373,145,2,46
432,944,95,3,32
433,54,160,5,16
434,47,82,2,40
435,174,94,5,4
436,178,163,3,45
437,53,90,3,21
438,958,49,5,48
439,462,96,3,3
440,536,97,5,13
441,493,56,2,12
442,891,29,3,37
443,250,26,5,41
444,254,126,1,5
445,74,22,2,23
446,342,143,5,10
447,658,102,4,36
448,989,113,2,26
449,394,132,5,20
450,38,115,5,6
451,444,98,1,49
452,687,37,3,23
453,419,186,5,43
454,115,2,1,6
455,215,117,1,15
456,15,42,2,12
457,375,92,2,45
458,753,121,2,39
459,507,80,5,13
460,330,29,5,37
461,949,193,3,19
462,92,38,5,16
463,534,147,1,34
464,105,26,3,41
465,867,87,1,4
466,610,150,2,5
467,589,105,2,1
468,364,11,4,25
469,320,170,1,36
470,591,86,2,38
471,317,153,4,22
472,608,62,1,40
473,166,167,4,17
474,328,95,1,32
475,186,118,3,11
476,430,130,3,42
477,202,120,5,27
478,509,155,5,3
479,683,10,5,24
480,360,90,4,21
481,547,72,3,31
483,862,28,3,30
484,803,191,3,10
485,597,196,1,14
486,258,165,4,20
487,899,44,2,47
488,562,178,5,35
489,959,17,3,28
490,121,45,2,7
491,614,192,1,48
492,281,109,3,29
493,632,113,1,26
494,466,21,4,44
495,226,19,1,9
496,830,101,5,33
497,744,84,4,8
498,875,145,2,46
499,624,119,4,2
500,16,142,5,18
501,151,99,1,23
502,146,160,4,16
503,565,13,2,14
504,790,91,5,21
505,770,4,1,47
506,164,92,5,45
507,571,121,4,39
508,190,81,1,25
509,601,183,2,36
510,321,167,1,17
511,143,95,3,32
512,31,89,4,27
513,430,191,4,10
514,362,48,4,9
515,544,130,3,42
516,38,193,3,19
517,58,127,2,29
518,659,10,5,24
520,408,115,2,6
521,766,41,4,31
522,195,119,3,2
523,75,17,1,28
524,946,53,5,3
525,777,142,4,18
526,132,178,3,35
527,101,25,1,13
528,751,71,5,44
529,767,45,2,7
530,521,147,1,34
531,237,198,2,5
532,137,86,5,38
533,65,144,3,48
534,179,84,1,8
535,383,153,2,22
536,569,176,4,49
537,950,5,2,11
538,421,132,5,20
539,29,26,3,41
540,738,145,1,46
541,274,162,2,43
542,316,117,2,15
543,543,23,4,33
544,572,113,1,26
545,806,33,2,4
546,487,122,3,30
547,539,29,5,37
548,248,82,1,40
549,296,105,1,1
550,149,56,5,12
551,521,196,2,14
552,63,16,1,19
553,418,44,1,47
554,99,148,5,8
555,318,76,3,32
556,37,18,1,22
557,649,145,4,46
558,895,133,2,24
559,351,85,3,1
560,253,42,3,12
561,773,104,3,38
562,622,142,3,18
563,567,17,3,28
564,136,108,4,43
565,529,166,3,11
566,92,2,3,6
567,42,92,1,45
568,241,185,2,21
569,658,19,5,9
570,627,98,4,49
571,296,124,2,36
572,674,169,5,16
573,308,181,1,5
574,81,106,5,2
575,120,155,4,3
576,40,89,3,27
577,648,82,1,40
578,219,33,2,4
579,350,29,4,37
580,346,116,3,29
581,549,50,1,42
582,565,131,5,26
583,516,72,4,31
584,392,158,3,20
585,353,11,4,25
586,819,107,1,15
587,370,88,1,39
588,534,79,3,30
589,412,30,3,7
590,59,138,2,44
591,53,191,2,10
592,201,57,2,33
593,341,128,1,23
594,537,114,3,34
595,449,151,1,17
596,186,178,4,35
597,974,25,5,13
599,420,192,3,48
600,543,26,1,41
601,388,35,4,28
602,642,36,3,21
603,695,115,1,6
604,707,76,4,32
605,594,136,3,47
606,452,139,4,49
607,710,188,2,35
608,190,166,4,11
609,604,135,4,15
610,936,23,1,33
611,216,191,1,10
612,879,103,4,39
613,197,8,3,14
614,355,193,5,19
615,676,29,1,37
616,54,145,5,46
617,689,108,3,43
618,876,27,5,8
619,511,62,3,40
620,755,198,2,5
621,195,104,3,38
622,939,34,1,17
623,947,6,4,23
624,38,142,3,18
626,847,19,4,9
627,428,96,1,3
628,828,199,4,27
629,588,132,5,20
630,960,51,3,7
631,264,26,2,41
632,895,1,5,45
633,474,105,5,1
634,356,38,5,16
635,449,72,2,31
636,774,138,1,44
637,26,141,1,42
638,98,168,1,30
639,358,192,1,48
640,713,113,5,26
641,84,80,5,13
642,927,147,5,34
643,575,170,2,36
644,340,81,5,25
645,549,10,1,24
646,235,153,4,22
647,748,15,1,12
648,307,127,5,29
649,87,94,4,4
650,21,68,3,2
651,194,18,1,22
652,388,72,1,31
653,808,112,4,23
654,386,26,1,41
655,927,4,5,47
656,585,46,5,5
657,887,95,3,32
658,478,141,2,42
660,518,103,2,39
661,915,38,2,16
662,297,148,2,8
663,482,124,2,36
664,722,185,1,21
665,185,19,1,9
666,94,196,4,14
667,846,56,4,12
668,348,127,2,29
669,411,71,4,44
670,476,142,5,18
671,995,145,2,46
672,934,96,2,3
673,678,113,3,26
674,716,111,3,24
675,308,143,5,10
676,257,28,5,30
677,63,144,1,48
678,828,73,3,7
679,599,35,2,28
680,235,29,2,37
681,539,62,5,40
682,521,139,2,49
683,299,57,3,33
684,616,68,3,2
685,385,2,3,6
686,59,151,5,17
687,172,159,2,27
688,930,16,2,19
689,41,178,4,35
690,374,107,5,15
691,74,165,1,20
692,262,163,2,45
693,645,77,4,25
694,103,108,2,43
695,112,25,2,13
696,312,104,2,38
697,209,47,3,1
698,812,147,5,34
699,269,87,5,4
700,950,5,3,11
701,487,146,1,4
702,67,183,4,36
703,848,7,3,46
704,217,62,5,40
706,798,31,3,30
707,770,57,1,33
708,781,142,5,18
709,652,81,3,25
710,980,83,1,43
711,56,92,4,45
712,710,160,5,16
713,360,190,3,15
714,345,191,3,10
715,808,141,4,42
716,986,147,3,34
717,807,16,5,19
718,425,178,5,35
719,320,17,2,28
720,730,76,2,32
721,306,192,1,48
722,260,29,2,37
723,92,105,2,1
724,620,182,5,49
725,729,86,3,38
726,179,80,3,13
727,616,84,5,8
728,801,174,2,12
729,903,43,2,21
730,843,26,3,41
731,366,172,5,2
732,471,37,1,23
733,375,184,3,9
734,747,41,4,31
735,144,13,2,14
736,232,103,4,39
737,480,2,5,6
738,890,153,2,22
739,774,155,3,3
740,861,4,4,47
741,136,199,4,27
742,499,71,1,44
743,764,133,3,24
744,854,127,1,29
745,574,34,4,17
746,372,51,3,7
747,139,126,4,5
748,529,3,3,26
749,682,5,3,11
750,249,132,2,20
751,835,59,1,42
752,26,86,5,38
753,840,6,2,23
754,739,118,3,11
755,996,11,5,25
756,430,183,4,36
757,420,2,1,6
758,790,73,2,7
759,74,52,1,1
760,433,19,2,9
761,326,175,3,4
762,776,8,5,14
763,385,31,5,30
764,111,153,5,22
765,569,151,1,17
766,700,26,1,41
767,206,54,3,48
768,324,111,1,24
769,166,139,1,49
770,92,132,3,20
771,128,38,4,16
772,327,120,1,27
773,229,143,4,10
774,299,17,3,28
775,867,95,5,32
776,884,121,2,39
777,925,147,5,34
778,169,64,5,5
779,886,1,3,45
780,476,178,1,35
781,521,145,1,46
783,740,25,4,13
784,581,119,4,2
785,998,71,3,44
786,406,91,4,21
787,577,155,1,3
788,91,4,3,47
789,98,72,2,31
790,453,56,2,12
791,23,107,5,15
792,314,3,4,26
793,141,193,1,19
794,558,57,5,33
795,440,142,4,18
796,668,127,2,29
797,36,29,3,37
798,538,9,4,8
799,861,62,4,40
800,225,200,5,43
801,638,16,2,19
802,329,39,2,5
803,684,133,4,24
804,819,56,4,12
805,924,19,3,9
806,962,166,4,11
807,780,188,1,35
808,717,120,3,27
809,401,36,4,21
810,497,121,1,39
811,162,62,4,40
812,350,72,4,31
814,34,86,5,38
815,573,17,1,28
816,640,171,4,16
817,320,122,5,30
818,940,113,2,26
819,621,140,5,23
820,235,151,2,17
821,498,77,5,25
822,318,63,3,36
823,466,26,3,41
824,197,85,5,1
825,992,68,2,2
826,153,117,1,15
827,457,69,2,33
828,734,132,1,20
829,414,70,5,13
830,260,29,2,37
831,826,7,3,46
832,311,60,5,8
833,635,96,4,3
834,353,176,5,49
835,552,164,5,6
836,188,4,3,47
837,926,137,5,4
838,891,200,2,43
839,984,95,3,32
840,234,196,5,14
841,377,173,5,29
842,327,18,1,22
843,352,92,1,45
844,123,141,3,42
845,947,194,3,7
846,839,144,2,48
847,272,147,2,34
848,809,142,2,18
849,726,138,3,44
850,742,143,1,10
851,318,147,2,34
852,591,102,3,36
853,292,120,2,27
854,687,178,1,35
855,563,59,2,42
856,735,158,5,20
857,354,31,3,30
858,111,123,4,1
859,180,42,3,12
860,635,88,2,39
861,378,62,3,40
862,742,26,1,41
863,964,5,2,11
864,517,33,5,4
865,690,129,4,22
866,719,48,2,9
867,345,61,1,8
868,410,192,4,48
869,902,92,2,45
870,213,177,4,6
871,655,162,1,43
873,819,34,1,17
874,981,136,2,47
875,863,11,2,25
876,431,71,2,44
877,418,116,5,29
878,488,29,5,37
879,141,145,4,46
880,376,80,5,13
881,116,45,2,7
882,168,155,3,3
883,367,106,1,2
884,19,110,5,28
885,209,74,4,49
886,865,131,4,26
887,834,193,2,19
888,740,107,3,15
889,235,191,1,10
890,117,150,4,5
891,232,69,4,33
892,811,90,3,21
893,701,104,4,38
894,409,55,5,14
895,676,171,4,16
896,531,37,5,23
897,770,111,1,24
898,465,95,4,32
899,651,72,3,31
900,916,142,2,18
901,895,38,1,16
902,600,90,2,21
903,621,3,5,26
904,465,83,2,43
905,314,144,4,48
906,102,92,2,45
907,14,195,4,11
908,234,44,1,47
909,167,57,1,33
910,881,17,5,28
911,938,82,4,40
912,71,88,5,39
913,423,155,4,3
914,394,194,1,7
915,861,198,3,5
916,585,27,4,8
917,402,26,4,41
918,421,193,2,19
919,731,149,5,44
920,844,111,1,24
921,605,151,1,17
922,606,127,3,29
923,869,47,2,1
924,899,72,5,31
925,121,104,3,38
926,745,2,3,6
927,516,174,3,12
928,658,106,4,2
929,627,97,1,13
930,931,139,4,49
931,478,12,2,34
932,345,170,4,36
933,112,19,1,9
934,918,81,4,25
935,389,161,5,4
937,925,13,4,14
938,206,107,4,15
939,544,188,2,35
940,49,129,3,22
941,774,120,4,27
942,344,29,1,37
943,782,76,2,32
944,335,142,3,18
945,597,28,1,30
946,118,158,5,20
947,661,37,1,23
948,23,145,5,46
949,757,59,5,42
950,247,143,3,10
951,432,142,3,18
952,561,160,3,16
953,61,53,2,3
954,787,127,5,29
955,753,132,5,20
956,810,44,3,47
957,73,120,3,27
958,98,76,2,32
959,923,108,4,43
960,905,129,2,22
961,727,183,1,36
962,920,167,2,17
963,870,35,2,28
964,285,111,5,24
965,459,128,4,23
966,854,138,1,44
967,919,176,1,49
968,790,13,4,14
969,105,91,3,21
970,218,7,5,46
971,170,82,4,40
972,663,123,1,1
973,365,94,3,4
974,966,104,5,38
975,820,166,2,11
976,172,141,1,42
977,965,157,2,10
978,246,79,3,30
979,416,100,3,8
980,880,121,3,39
981,591,172,4,2
982,273,29,4,37
983,472,92,3,45
984,74,115,5,6
985,278,77,2,25
986,162,178,2,35
987,724,97,2,13
988,704,152,2,9
989,494,193,4,19
990,668,101,5,33
991,996,181,2,5
992,411,114,3,34
993,602,26,2,41
994,490,117,4,15
995,132,49,4,48
996,967,73,2,7
997,894,42,4,12
999,834,41,2,31
1000,581,113,4,26
