id,tb_user_id,start_date,end_date,number_of_total_guest,is_cancelled,tb_hotel_id
1,486,2021-12-18 05:47:00,2021-12-22 05:47:00,8,0,12
2,428,2022-08-25 09:58:19,2022-09-01 09:58:19,4,0,37
3,138,2021-09-23 06:44:19,2021-09-29 06:44:19,1,0,41
4,440,2022-04-04 22:03:21,2022-04-11 22:03:21,9,0,42
5,43,2022-06-16 10:17:38,2022-06-20 10:17:38,1,0,27
6,271,2022-01-23 11:30:27,2022-01-28 11:30:27,5,1,40
7,433,2021-12-27 17:58:14,2021-12-30 17:58:14,4,0,3
8,199,2021-12-11 12:49:46,2021-12-17 12:49:46,4,0,25
9,128,2022-05-27 23:23:17,2022-05-29 23:23:17,8,0,21
10,302,2022-04-16 02:54:16,2022-04-22 02:54:16,4,0,36
11,62,2022-09-11 17:05:17,2022-09-17 17:05:17,9,0,2
12,459,2022-06-15 05:02:25,2022-06-22 05:02:25,5,0,23
13,52,2022-07-17 05:19:15,2022-07-24 05:19:15,10,0,22
14,409,2021-11-30 21:03:46,2021-12-04 21:03:46,7,0,14
15,362,2022-04-15 18:43:14,2022-04-22 18:43:14,7,0,15
16,359,2022-02-17 18:46:52,2022-02-23 18:46:52,9,0,38
17,284,2022-08-15 05:10:11,2022-08-17 05:10:11,7,0,50
18,487,2022-08-26 10:20:01,2022-08-31 10:20:01,7,0,28
19,282,2022-01-06 13:07:45,2022-01-09 13:07:45,1,0,44
20,103,2021-12-25 21:00:09,2022-01-01 21:00:09,5,0,6
21,494,2022-03-15 09:32:42,2022-03-16 09:32:42,1,0,10
22,394,2022-05-30 20:25:17,2022-06-04 20:25:17,10,0,5
23,273,2022-06-06 13:41:57,2022-06-11 13:41:57,4,0,32
24,43,2022-05-08 12:06:57,2022-05-13 12:06:57,10,0,31
25,167,2021-10-12 00:11:12,2021-10-13 00:11:12,9,0,16
26,484,2022-07-11 19:03:55,2022-07-17 19:03:55,6,1,34
27,197,2022-08-29 19:48:37,2022-09-02 19:48:37,1,0,33
28,178,2022-02-09 15:20:28,2022-02-14 15:20:28,3,0,39
29,116,2022-02-15 10:49:19,2022-02-17 10:49:19,7,0,29
30,465,2022-09-08 18:14:04,2022-09-13 18:14:04,10,0,43
31,419,2021-12-28 13:39:54,2022-01-04 13:39:54,4,0,46
32,210,2022-05-26 05:05:35,2022-06-01 05:05:35,7,0,48
33,370,2021-12-01 00:26:20,2021-12-08 00:26:20,6,0,24
34,30,2022-08-19 21:02:55,2022-08-23 21:02:55,3,0,47
35,305,2022-04-07 05:33:52,2022-04-10 05:33:52,6,0,11
36,416,2022-06-01 12:40:13,2022-06-06 12:40:13,7,0,17
37,126,2022-06-17 09:31:49,2022-06-21 09:31:49,9,0,35
38,418,2022-06-04 01:11:05,2022-06-10 01:11:05,2,0,30
39,167,2022-08-29 18:46:17,2022-08-30 18:46:17,7,0,1
40,397,2021-12-10 03:33:56,2021-12-11 03:33:56,5,0,19
41,401,2021-10-23 21:37:48,2021-10-27 21:37:48,1,0,4
42,362,2022-03-06 20:35:14,2022-03-11 20:35:14,9,0,26
43,375,2022-04-01 12:07:47,2022-04-05 12:07:47,7,0,9
44,94,2022-05-19 11:19:10,2022-05-25 11:19:10,3,0,8
45,72,2021-10-17 09:22:37,2021-10-21 09:22:37,5,0,7
46,361,2022-01-22 20:49:16,2022-01-25 20:49:16,10,0,49
47,95,2022-05-04 15:37:58,2022-05-11 15:37:58,1,0,18
48,461,2022-01-15 02:36:37,2022-01-20 02:36:37,7,0,13
49,402,2022-04-29 22:08:57,2022-05-01 22:08:57,7,0,20
50,304,2022-06-21 20:46:02,2022-06-25 20:46:02,7,0,45
51,72,2022-01-24 13:27:37,2022-01-30 13:27:37,4,0,11
52,166,2021-09-21 22:12:33,2021-09-22 22:12:33,5,1,18
53,2,2021-09-13 01:47:37,2021-09-20 01:47:37,1,0,17
54,409,2021-10-16 18:51:09,2021-10-18 18:51:09,10,0,4
55,477,2022-05-14 13:10:47,2022-05-16 13:10:47,5,0,49
56,60,2021-09-17 22:47:57,2021-09-23 22:47:57,1,0,25
57,481,2021-11-07 00:52:03,2021-11-10 00:52:03,7,1,34
58,321,2022-01-03 20:00:55,2022-01-08 20:00:55,7,0,6
59,469,2021-10-26 09:17:45,2021-10-29 09:17:45,3,0,3
60,3,2022-06-09 16:53:41,2022-06-14 16:53:41,5,0,50
61,468,2022-05-10 05:36:47,2022-05-11 05:36:47,1,0,46
62,165,2022-01-30 13:01:57,2022-02-06 13:01:57,1,0,31
63,127,2021-11-24 03:59:36,2021-11-25 03:59:36,6,0,7
64,134,2022-09-08 15:20:26,2022-09-14 15:20:26,2,0,26
65,465,2022-08-08 18:42:40,2022-08-12 18:42:40,7,0,41
66,158,2022-02-12 11:42:59,2022-02-14 11:42:59,1,1,14
67,324,2022-03-24 05:36:25,2022-03-31 05:36:25,7,0,24
68,364,2022-07-04 23:42:11,2022-07-06 23:42:11,1,0,36
69,490,2022-04-20 21:24:35,2022-04-22 21:24:35,4,0,12
70,57,2022-03-29 01:47:05,2022-04-03 01:47:05,10,0,2
71,270,2022-05-03 16:17:54,2022-05-06 16:17:54,5,0,39
72,399,2022-01-07 00:16:56,2022-01-11 00:16:56,7,0,8
73,103,2021-11-23 07:15:07,2021-11-26 07:15:07,7,0,42
74,69,2022-03-04 07:47:30,2022-03-05 07:47:30,2,0,43
75,463,2022-04-28 03:58:23,2022-05-03 03:58:23,7,0,47
76,385,2021-11-21 08:20:58,2021-11-26 08:20:58,2,0,19
77,46,2022-06-02 20:28:00,2022-06-08 20:28:00,10,0,35
78,37,2021-11-04 21:36:53,2021-11-05 21:36:53,4,0,10
79,319,2022-02-18 16:43:18,2022-02-19 16:43:18,4,0,16
80,49,2022-07-19 06:19:12,2022-07-25 06:19:12,7,0,33
81,159,2022-03-05 10:45:42,2022-03-11 10:45:42,9,0,22
82,376,2022-02-21 11:18:54,2022-02-28 11:18:54,3,0,38
83,28,2021-09-23 10:18:50,2021-09-24 10:18:50,9,0,1
84,435,2022-08-21 02:22:19,2022-08-27 02:22:19,2,0,27
85,224,2022-05-27 19:33:42,2022-05-28 19:33:42,7,0,48
86,69,2021-10-14 13:02:51,2021-10-15 13:02:51,2,0,40
87,161,2022-05-01 18:51:53,2022-05-02 18:51:53,10,0,13
88,294,2022-04-14 06:52:39,2022-04-19 06:52:39,2,0,23
89,119,2021-10-16 05:15:51,2021-10-20 05:15:51,6,0,21
90,272,2022-06-25 05:06:13,2022-06-28 05:06:13,2,0,32
91,9,2022-05-19 04:18:38,2022-05-24 04:18:38,9,0,37
92,480,2022-06-26 08:01:59,2022-07-02 08:01:59,3,0,30
93,411,2022-03-17 01:51:12,2022-03-23 01:51:12,6,0,9
94,460,2022-08-30 23:45:19,2022-09-06 23:45:19,3,0,29
95,19,2021-12-21 16:56:24,2021-12-22 16:56:24,2,1,28
96,247,2021-10-17 04:35:35,2021-10-19 04:35:35,9,0,20
97,33,2022-01-24 17:31:09,2022-01-29 17:31:09,7,0,5
98,463,2022-05-14 14:02:08,2022-05-17 14:02:08,8,0,15
99,459,2022-05-04 11:34:59,2022-05-09 11:34:59,7,0,44
100,399,2022-03-22 21:37:00,2022-03-23 21:37:00,3,0,45
101,317,2022-03-28 12:37:13,2022-04-02 12:37:13,6,0,13
102,8,2022-05-04 06:24:55,2022-05-08 06:24:55,8,0,8
103,218,2022-07-14 07:04:53,2022-07-15 07:04:53,9,0,9
104,23,2021-12-13 17:06:37,2021-12-20 17:06:37,2,0,42
105,349,2022-05-21 01:22:34,2022-05-27 01:22:34,2,0,26
106,77,2021-10-04 05:38:15,2021-10-09 05:38:15,4,0,22
107,336,2022-01-07 04:35:42,2022-01-12 04:35:42,10,0,29
108,57,2022-03-09 17:56:25,2022-03-10 17:56:25,10,1,4
109,373,2021-09-29 10:17:17,2021-10-02 10:17:17,7,0,32
110,242,2022-01-15 10:35:13,2022-01-17 10:35:13,3,0,2
111,93,2022-08-08 04:29:43,2022-08-09 04:29:43,8,0,40
112,64,2021-10-31 20:03:05,2021-11-04 20:03:05,2,0,33
113,343,2022-08-13 06:31:03,2022-08-19 06:31:03,9,0,36
114,10,2022-09-11 02:35:12,2022-09-17 02:35:12,7,0,28
115,402,2022-08-17 06:58:47,2022-08-23 06:58:47,4,0,34
116,265,2022-08-17 00:36:05,2022-08-24 00:36:05,2,0,30
117,24,2022-03-29 09:23:36,2022-04-04 09:23:36,1,0,3
118,35,2022-03-11 23:02:08,2022-03-17 23:02:08,3,0,23
119,122,2022-06-25 11:05:32,2022-06-29 11:05:32,5,0,35
120,20,2022-07-14 01:14:42,2022-07-16 01:14:42,2,1,21
121,412,2021-12-04 16:43:34,2021-12-10 16:43:34,9,0,11
122,98,2021-09-24 07:24:27,2021-09-27 07:24:27,1,0,25
123,159,2021-10-16 11:03:41,2021-10-23 11:03:41,3,0,7
124,210,2022-04-18 09:22:34,2022-04-23 09:22:34,2,0,48
125,338,2022-08-04 22:48:24,2022-08-07 22:48:24,9,0,14
126,40,2022-05-09 00:07:49,2022-05-15 00:07:49,9,0,19
127,415,2021-12-06 22:36:03,2021-12-10 22:36:03,3,0,31
128,187,2022-05-22 21:01:15,2022-05-24 21:01:15,10,0,1
129,488,2021-10-14 11:04:23,2021-10-21 11:04:23,6,0,24
130,57,2022-06-14 01:19:39,2022-06-21 01:19:39,5,1,6
131,94,2022-04-12 09:40:36,2022-04-13 09:40:36,9,0,50
132,88,2022-08-09 14:30:45,2022-08-16 14:30:45,2,0,46
133,264,2021-12-11 04:54:06,2021-12-18 04:54:06,2,0,18
134,12,2022-03-14 17:56:53,2022-03-17 17:56:53,3,0,45
135,376,2022-03-28 13:43:58,2022-03-29 13:43:58,4,0,37
136,198,2021-12-25 10:36:09,2021-12-29 10:36:09,8,0,12
137,399,2021-12-22 20:37:40,2021-12-23 20:37:40,3,0,43
138,359,2022-07-07 04:28:27,2022-07-09 04:28:27,3,0,49
139,73,2022-02-12 23:01:42,2022-02-19 23:01:42,5,0,10
140,165,2022-06-13 17:17:26,2022-06-16 17:17:26,1,0,5
141,72,2022-03-12 19:20:56,2022-03-19 19:20:56,3,0,16
142,403,2022-07-12 00:36:51,2022-07-17 00:36:51,7,0,39
143,242,2022-08-04 23:27:54,2022-08-05 23:27:54,10,0,27
144,266,2022-01-16 14:05:00,2022-01-18 14:05:00,6,0,17
145,253,2021-10-13 01:29:14,2021-10-17 01:29:14,4,0,41
146,109,2021-10-17 04:23:35,2021-10-24 04:23:35,1,0,20
147,330,2022-07-28 03:58:27,2022-07-30 03:58:27,8,0,44
148,61,2021-12-05 11:17:12,2021-12-12 11:17:12,1,0,47
149,74,2022-03-10 12:00:20,2022-03-13 12:00:20,10,0,38
150,279,2022-04-23 05:17:12,2022-04-24 05:17:12,3,0,15
151,346,2022-01-27 02:38:24,2022-02-03 02:38:24,9,0,38
152,285,2022-01-16 15:39:34,2022-01-18 15:39:34,8,0,5
153,373,2022-06-19 20:36:53,2022-06-25 20:36:53,8,0,30
154,48,2021-12-04 00:48:16,2021-12-08 00:48:16,3,0,49
155,261,2021-09-28 16:24:23,2021-09-30 16:24:23,5,0,27
156,187,2022-04-17 11:12:05,2022-04-24 11:12:05,8,0,43
157,218,2022-07-12 20:22:17,2022-07-16 20:22:17,8,0,10
158,146,2021-11-13 16:19:04,2021-11-20 16:19:04,9,0,33
159,312,2022-02-10 00:28:53,2022-02-13 00:28:53,10,0,46
160,283,2022-03-16 16:22:54,2022-03-18 16:22:54,1,0,20
161,203,2022-05-28 04:57:02,2022-06-04 04:57:02,3,0,19
162,491,2021-11-13 00:42:13,2021-11-18 00:42:13,5,0,11
163,313,2022-02-12 16:57:47,2022-02-14 16:57:47,4,0,47
164,489,2022-08-06 01:22:09,2022-08-12 01:22:09,9,0,16
165,203,2021-11-28 21:12:10,2021-12-05 21:12:10,2,0,50
166,263,2021-09-30 09:42:08,2021-10-05 09:42:08,2,0,42
167,29,2022-04-17 13:02:31,2022-04-23 13:02:31,4,0,44
168,378,2022-03-26 18:09:31,2022-03-30 18:09:31,5,0,45
169,66,2022-08-28 10:35:07,2022-08-30 10:35:07,4,0,28
170,348,2021-12-30 12:14:41,2022-01-06 12:14:41,6,0,17
171,186,2021-11-01 00:05:22,2021-11-07 00:05:22,8,0,6
172,389,2022-06-04 21:03:42,2022-06-08 21:03:42,1,0,8
173,170,2022-02-22 22:53:55,2022-02-26 22:53:55,1,0,15
174,161,2022-03-08 12:28:22,2022-03-13 12:28:22,3,0,34
175,497,2022-06-02 15:31:09,2022-06-06 15:31:09,5,0,21
176,31,2022-06-30 03:11:35,2022-07-06 03:11:35,1,0,3
177,459,2021-12-29 07:57:01,2022-01-05 07:57:01,2,0,48
178,326,2021-11-03 06:57:37,2021-11-04 06:57:37,5,0,36
179,253,2022-05-30 13:00:12,2022-06-02 13:00:12,9,0,41
180,292,2022-09-11 09:15:59,2022-09-16 09:15:59,10,0,39
181,205,2022-02-05 15:04:07,2022-02-12 15:04:07,7,0,40
182,172,2022-05-03 23:35:17,2022-05-07 23:35:17,1,0,13
183,383,2022-06-02 01:16:26,2022-06-08 01:16:26,10,0,14
184,362,2022-02-21 12:43:18,2022-02-27 12:43:18,8,0,26
185,84,2021-10-04 06:28:25,2021-10-07 06:28:25,2,0,22
186,321,2021-09-15 10:18:17,2021-09-18 10:18:17,10,0,25
187,147,2022-09-07 20:19:56,2022-09-09 20:19:56,10,0,29
188,152,2022-08-21 23:00:30,2022-08-24 23:00:30,4,0,9
189,275,2022-01-24 05:22:44,2022-01-29 05:22:44,5,0,37
190,478,2022-01-28 02:38:48,2022-01-29 02:38:48,3,0,31
191,50,2022-01-25 16:35:01,2022-01-27 16:35:01,3,0,23
192,446,2022-06-23 02:02:37,2022-06-26 02:02:37,3,0,18
193,152,2022-01-28 22:15:05,2022-02-03 22:15:05,2,0,2
194,349,2022-07-29 04:09:50,2022-08-03 04:09:50,2,0,12
195,381,2021-12-10 08:16:17,2021-12-16 08:16:17,10,0,24
196,21,2022-05-30 17:57:08,2022-06-05 17:57:08,5,0,4
197,122,2021-11-10 03:39:08,2021-11-14 03:39:08,8,0,35
198,231,2022-08-22 03:27:04,2022-08-25 03:27:04,10,0,32
199,53,2022-02-14 13:45:23,2022-02-17 13:45:23,10,0,7
200,327,2022-03-20 19:27:36,2022-03-23 19:27:36,4,0,1
201,25,2022-05-05 05:37:58,2022-05-11 05:37:58,8,0,15
202,228,2022-06-24 14:20:11,2022-06-26 14:20:11,1,0,33
203,321,2022-01-15 12:17:48,2022-01-18 12:17:48,1,0,26
204,439,2021-11-09 02:44:57,2021-11-11 02:44:57,6,0,39
205,2,2022-08-23 23:29:53,2022-08-30 23:29:53,8,0,11
206,20,2022-04-05 07:55:21,2022-04-08 07:55:21,3,0,31
207,289,2022-02-07 06:58:59,2022-02-08 06:58:59,4,0,21
208,222,2021-11-03 01:44:30,2021-11-04 01:44:30,4,0,46
209,165,2021-10-22 23:20:17,2021-10-23 23:20:17,6,0,10
210,490,2022-06-12 09:16:34,2022-06-18 09:16:34,2,0,7
211,174,2022-09-11 19:37:20,2022-09-16 19:37:20,1,1,14
212,95,2022-03-27 13:19:07,2022-03-28 13:19:07,1,0,48
213,472,2022-08-26 04:49:30,2022-08-28 04:49:30,1,0,13
214,195,2022-01-13 09:35:11,2022-01-20 09:35:11,3,0,9
215,193,2022-06-03 23:29:10,2022-06-04 23:29:10,7,1,6
216,417,2021-12-11 11:06:06,2021-12-16 11:06:06,2,0,12
217,305,2022-03-23 18:48:24,2022-03-30 18:48:24,4,0,49
218,278,2022-04-27 09:26:53,2022-05-02 09:26:53,7,0,18
219,277,2022-09-05 19:28:09,2022-09-08 19:28:09,8,0,19
220,101,2022-06-22 00:23:40,2022-06-27 00:23:40,5,0,23
221,72,2022-04-02 18:52:39,2022-04-03 18:52:39,3,0,38
222,234,2022-04-02 15:35:29,2022-04-03 15:35:29,3,0,40
223,418,2022-01-05 02:39:36,2022-01-11 02:39:36,3,0,1
224,421,2021-09-19 20:59:29,2021-09-20 20:59:29,4,0,22
225,224,2022-05-14 15:42:16,2022-05-17 15:42:16,9,0,35
226,351,2022-04-30 15:12:05,2022-05-02 15:12:05,9,0,4
227,366,2022-02-05 05:42:18,2022-02-06 05:42:18,6,0,16
228,433,2022-06-23 17:46:58,2022-06-27 17:46:58,6,0,41
229,436,2022-09-07 17:35:54,2022-09-08 17:35:54,2,0,3
230,418,2022-04-30 12:03:05,2022-05-03 12:03:05,7,0,27
231,114,2022-03-16 10:53:12,2022-03-23 10:53:12,7,0,42
232,168,2021-10-20 16:59:30,2021-10-25 16:59:30,9,0,50
233,444,2022-02-04 13:00:15,2022-02-09 13:00:15,4,0,36
234,7,2022-02-03 07:54:13,2022-02-06 07:54:13,2,1,47
235,198,2022-01-25 01:21:37,2022-01-28 01:21:37,2,0,20
236,454,2021-10-12 03:02:34,2021-10-14 03:02:34,9,0,17
237,240,2022-01-30 08:54:43,2022-02-06 08:54:43,3,0,25
238,201,2022-05-19 13:21:45,2022-05-22 13:21:45,1,0,5
239,384,2022-05-31 03:25:51,2022-06-04 03:25:51,1,0,28
240,187,2022-08-05 04:21:31,2022-08-06 04:21:31,8,0,43
241,88,2022-09-07 01:38:47,2022-09-08 01:38:47,10,0,44
242,50,2022-03-13 19:09:43,2022-03-20 19:09:43,3,0,24
243,111,2021-09-29 14:53:42,2021-10-02 14:53:42,4,0,2
244,121,2022-02-01 00:49:41,2022-02-06 00:49:41,6,0,30
245,417,2022-03-05 23:16:17,2022-03-06 23:16:17,10,0,8
246,489,2022-05-03 03:51:19,2022-05-07 03:51:19,2,0,29
247,289,2022-09-09 02:44:16,2022-09-10 02:44:16,4,0,45
248,144,2021-12-02 11:00:10,2021-12-09 11:00:10,9,0,32
249,261,2021-11-14 09:54:38,2021-11-16 09:54:38,4,1,34
250,274,2022-01-27 12:39:53,2022-02-02 12:39:53,7,0,37
251,291,2022-03-06 08:33:45,2022-03-12 08:33:45,8,0,28
252,36,2022-09-04 16:36:25,2022-09-05 16:36:25,9,0,32
253,24,2022-07-16 10:09:59,2022-07-19 10:09:59,4,0,34
254,63,2022-05-21 21:01:37,2022-05-26 21:01:37,4,0,3
255,89,2021-12-21 14:45:16,2021-12-28 14:45:16,5,0,50
256,311,2021-11-06 17:35:54,2021-11-07 17:35:54,3,0,20
257,180,2021-12-15 21:51:26,2021-12-18 21:51:26,9,0,38
258,407,2022-04-10 12:52:36,2022-04-17 12:52:36,8,0,46
259,13,2021-09-20 00:38:47,2021-09-25 00:38:47,5,0,2
260,279,2021-10-22 04:54:53,2021-10-28 04:54:53,1,0,17
261,52,2022-01-07 02:53:27,2022-01-11 02:53:27,7,0,7
262,28,2022-04-25 12:37:54,2022-04-30 12:37:54,5,0,21
263,287,2022-05-28 07:56:34,2022-05-29 07:56:34,3,0,47
264,343,2022-02-17 12:50:18,2022-02-24 12:50:18,1,1,11
265,105,2022-04-26 20:19:56,2022-05-01 20:19:56,6,0,19
266,448,2022-02-21 22:39:35,2022-02-25 22:39:35,8,0,4
267,257,2022-08-25 19:28:51,2022-08-31 19:28:51,2,0,22
268,421,2021-11-10 12:36:22,2021-11-12 12:36:22,1,0,23
269,321,2022-02-01 09:40:20,2022-02-04 09:40:20,7,0,42
270,219,2021-09-14 19:44:20,2021-09-18 19:44:20,9,0,1
271,414,2022-04-29 18:36:40,2022-05-04 18:36:40,4,0,45
272,366,2021-12-16 04:44:45,2021-12-23 04:44:45,9,0,16
273,267,2021-12-30 03:26:27,2022-01-03 03:26:27,1,0,48
274,128,2022-01-07 13:35:17,2022-01-11 13:35:17,2,0,36
275,177,2022-04-17 12:19:17,2022-04-23 12:19:17,10,0,31
276,115,2022-06-05 03:34:10,2022-06-10 03:34:10,9,0,27
277,480,2022-05-12 01:05:23,2022-05-16 01:05:23,8,0,43
278,497,2021-11-18 04:17:35,2021-11-24 04:17:35,2,0,18
279,131,2022-07-09 20:47:17,2022-07-14 20:47:17,3,0,41
280,305,2021-10-15 21:12:52,2021-10-16 21:12:52,8,0,37
281,227,2022-03-25 02:03:34,2022-03-28 02:03:34,9,1,10
282,229,2022-05-19 16:50:53,2022-05-21 16:50:53,6,0,44
283,40,2022-02-17 14:17:14,2022-02-24 14:17:14,2,0,25
284,438,2021-11-22 04:50:37,2021-11-26 04:50:37,9,0,35
285,327,2022-02-25 20:27:44,2022-02-27 20:27:44,10,0,40
286,128,2021-12-22 06:36:04,2021-12-28 06:36:04,7,0,12
287,12,2021-10-08 21:06:15,2021-10-11 21:06:15,4,0,26
288,218,2022-02-10 16:24:28,2022-02-12 16:24:28,4,0,30
289,274,2021-11-08 10:48:55,2021-11-13 10:48:55,9,0,9
290,302,2022-01-16 22:28:42,2022-01-20 22:28:42,8,0,14
291,381,2022-01-13 02:36:30,2022-01-18 02:36:30,8,0,15
292,167,2022-04-24 02:27:15,2022-04-30 02:27:15,7,0,49
293,143,2022-07-13 05:48:36,2022-07-20 05:48:36,1,0,29
294,183,2022-03-30 15:33:53,2022-04-02 15:33:53,8,0,13
295,430,2022-01-24 15:41:16,2022-01-27 15:41:16,7,0,6
296,271,2022-04-19 02:36:07,2022-04-26 02:36:07,9,0,5
297,423,2021-12-30 16:23:58,2021-12-31 16:23:58,1,0,39
298,347,2022-02-24 19:33:35,2022-02-28 19:33:35,3,0,8
299,85,2022-06-05 07:19:45,2022-06-07 07:19:45,10,0,33
300,253,2022-03-14 15:57:33,2022-03-15 15:57:33,8,0,24
301,202,2022-08-10 09:42:48,2022-08-11 09:42:48,8,0,46
302,481,2021-10-25 15:12:57,2021-10-26 15:12:57,8,0,8
303,408,2021-09-20 19:14:42,2021-09-27 19:14:42,9,0,7
304,436,2022-08-14 15:25:55,2022-08-16 15:25:55,9,0,45
305,316,2022-05-19 17:50:25,2022-05-22 17:50:25,9,0,6
306,388,2021-12-03 06:14:20,2021-12-08 06:14:20,7,0,50
307,379,2022-04-12 19:34:28,2022-04-13 19:34:28,6,0,15
308,161,2022-04-25 23:59:43,2022-04-27 23:59:43,9,0,34
309,342,2022-05-07 04:23:07,2022-05-13 04:23:07,4,0,3
310,448,2022-04-07 09:31:58,2022-04-10 09:31:58,4,0,17
311,123,2022-09-02 14:50:44,2022-09-03 14:50:44,4,0,21
312,105,2022-07-03 23:09:39,2022-07-08 23:09:39,4,0,37
313,423,2022-02-15 22:59:40,2022-02-18 22:59:40,1,0,47
314,350,2021-10-05 05:16:17,2021-10-12 05:16:17,1,0,35
315,493,2022-08-06 00:17:27,2022-08-09 00:17:27,10,0,11
316,34,2022-03-03 19:30:42,2022-03-06 19:30:42,4,0,12
317,138,2022-05-12 20:43:14,2022-05-15 20:43:14,7,0,4
318,471,2022-01-14 22:15:15,2022-01-21 22:15:15,10,0,36
319,65,2022-01-31 12:21:13,2022-02-02 12:21:13,6,0,5
320,81,2022-01-27 10:42:37,2022-01-30 10:42:37,5,0,33
321,191,2022-09-02 10:28:38,2022-09-03 10:28:38,8,0,23
322,478,2022-01-11 01:11:25,2022-01-13 01:11:25,1,0,10
323,385,2022-03-04 16:15:07,2022-03-06 16:15:07,7,1,26
324,324,2022-04-28 18:46:17,2022-05-01 18:46:17,1,0,22
325,138,2021-11-18 21:37:37,2021-11-20 21:37:37,5,0,39
326,464,2022-03-11 21:03:49,2022-03-18 21:03:49,9,0,16
327,437,2021-10-07 10:33:04,2021-10-10 10:33:04,4,0,30
328,404,2021-11-29 02:06:40,2021-12-01 02:06:40,6,0,9
329,203,2021-12-06 23:06:22,2021-12-12 23:06:22,8,0,32
330,95,2022-03-19 17:36:20,2022-03-22 17:36:20,5,0,13
331,150,2022-04-19 13:18:43,2022-04-22 13:18:43,9,0,29
332,55,2022-02-03 01:15:38,2022-02-04 01:15:38,8,0,42
333,144,2022-02-14 04:15:17,2022-02-15 04:15:17,2,0,18
334,154,2022-06-06 10:13:14,2022-06-12 10:13:14,9,0,43
335,294,2021-11-25 16:18:54,2021-12-02 16:18:54,5,0,48
336,388,2021-11-28 05:20:29,2021-12-03 05:20:29,4,0,38
337,234,2022-09-06 20:53:32,2022-09-10 20:53:32,10,0,1
338,407,2022-01-10 15:40:38,2022-01-11 15:40:38,9,0,44
339,5,2022-03-07 10:32:30,2022-03-08 10:32:30,1,0,20
340,429,2022-07-03 11:24:56,2022-07-06 11:24:56,2,0,24
341,194,2022-04-10 14:48:04,2022-04-11 14:48:04,7,0,27
342,419,2021-09-24 21:11:19,2021-09-29 21:11:19,7,0,41
343,59,2022-07-15 21:38:16,2022-07-16 21:38:16,3,0,40
344,212,2022-08-11 18:26:08,2022-08-17 18:26:08,6,0,49
345,450,2021-11-28 21:20:28,2021-12-05 21:20:28,2,1,25
346,318,2022-06-30 18:00:19,2022-07-01 18:00:19,8,0,31
347,142,2022-08-13 22:19:52,2022-08-19 22:19:52,1,0,14
348,343,2021-10-09 23:42:34,2021-10-14 23:42:34,1,0,28
349,237,2022-06-03 05:09:09,2022-06-08 05:09:09,7,0,2
350,205,2022-06-16 20:43:17,2022-06-18 20:43:17,4,0,19
351,262,2022-05-21 08:04:27,2022-05-22 08:04:27,7,0,20
352,284,2022-03-21 01:57:18,2022-03-24 01:57:18,2,0,34
353,410,2022-05-25 15:24:40,2022-05-27 15:24:40,5,0,42
354,43,2022-07-17 14:55:20,2022-07-24 14:55:20,2,0,46
355,186,2022-03-17 13:08:05,2022-03-23 13:08:05,5,0,47
356,279,2021-10-22 07:52:24,2021-10-27 07:52:24,10,0,43
357,28,2022-07-22 00:52:28,2022-07-23 00:52:28,1,0,18
358,414,2021-10-11 02:22:55,2021-10-17 02:22:55,1,0,24
359,163,2022-05-28 18:03:43,2022-05-31 18:03:43,9,0,37
360,253,2021-09-30 16:42:00,2021-10-05 16:42:00,9,0,13
361,405,2022-07-18 20:02:06,2022-07-24 20:02:06,3,0,49
362,214,2021-09-26 05:40:34,2021-09-30 05:40:34,6,0,50
363,280,2022-08-11 15:25:09,2022-08-18 15:25:09,5,0,32
364,301,2022-02-15 02:12:02,2022-02-16 02:12:02,1,0,11
365,456,2022-04-26 09:10:43,2022-04-27 09:10:43,6,0,5
366,476,2022-02-28 06:45:56,2022-03-04 06:45:56,5,0,6
367,358,2022-01-28 05:50:44,2022-02-04 05:50:44,10,0,4
368,406,2021-09-23 14:43:59,2021-09-28 14:43:59,2,0,38
369,32,2022-01-24 16:56:02,2022-01-29 16:56:02,7,0,39
370,155,2022-01-23 19:54:51,2022-01-27 19:54:51,8,0,21
371,125,2021-12-24 03:53:27,2021-12-30 03:53:27,5,0,26
372,84,2022-02-03 13:55:39,2022-02-07 13:55:39,7,0,17
373,431,2021-12-06 10:01:18,2021-12-13 10:01:18,5,0,29
374,225,2021-12-08 22:13:57,2021-12-14 22:13:57,8,0,12
375,105,2022-03-04 21:20:27,2022-03-05 21:20:27,3,0,48
376,345,2021-09-21 18:54:20,2021-09-25 18:54:20,4,0,3
377,346,2022-06-30 12:28:26,2022-07-07 12:28:26,7,0,23
378,235,2022-02-10 13:08:02,2022-02-13 13:08:02,4,0,35
379,281,2021-11-29 16:27:05,2021-12-02 16:27:05,9,0,22
380,81,2021-09-18 21:09:10,2021-09-24 21:09:10,2,0,27
381,95,2022-02-24 20:51:25,2022-03-02 20:51:25,7,0,15
382,401,2022-05-13 20:54:54,2022-05-16 20:54:54,10,0,25
383,195,2022-01-21 03:10:08,2022-01-27 03:10:08,3,0,19
384,392,2022-02-02 03:17:35,2022-02-07 03:17:35,1,1,10
385,95,2021-12-17 01:57:29,2021-12-22 01:57:29,6,0,7
386,301,2022-04-29 07:34:18,2022-05-04 07:34:18,3,0,44
387,33,2022-06-14 07:07:33,2022-06-15 07:07:33,10,0,40
388,392,2022-06-19 01:01:06,2022-06-25 01:01:06,7,0,31
389,460,2021-09-25 11:02:06,2021-09-27 11:02:06,6,0,33
390,227,2022-02-05 18:17:31,2022-02-10 18:17:31,10,0,16
391,378,2022-08-17 16:12:32,2022-08-20 16:12:32,3,0,1
392,490,2022-04-23 12:45:43,2022-04-29 12:45:43,6,0,28
393,199,2022-06-06 20:06:06,2022-06-10 20:06:06,2,0,45
394,351,2021-10-12 22:35:18,2021-10-13 22:35:18,1,0,14
395,129,2022-04-21 17:10:03,2022-04-27 17:10:03,4,0,41
396,374,2022-03-23 00:31:30,2022-03-28 00:31:30,5,0,30
397,474,2022-07-04 08:45:30,2022-07-06 08:45:30,5,0,36
398,337,2021-10-25 13:29:30,2021-10-26 13:29:30,6,0,2
399,90,2022-07-11 00:18:38,2022-07-17 00:18:38,7,0,9
400,52,2021-12-05 03:15:58,2021-12-06 03:15:58,5,0,8
401,457,2022-06-24 19:45:03,2022-06-30 19:45:03,3,0,36
402,359,2022-07-09 08:21:00,2022-07-16 08:21:00,1,0,23
403,392,2021-10-01 21:37:16,2021-10-03 21:37:16,10,0,32
404,430,2022-08-15 02:02:27,2022-08-22 02:02:27,7,0,15
405,7,2022-01-12 23:14:47,2022-01-14 23:14:47,8,0,20
406,244,2021-12-09 11:34:45,2021-12-10 11:34:45,9,0,48
407,343,2022-01-19 00:35:23,2022-01-25 00:35:23,10,0,44
408,136,2022-03-24 19:55:21,2022-03-27 19:55:21,10,0,10
409,95,2022-01-22 03:50:10,2022-01-25 03:50:10,2,0,14
410,79,2022-03-05 06:29:54,2022-03-12 06:29:54,7,0,11
411,411,2022-06-11 22:34:30,2022-06-14 22:34:30,2,0,27
412,6,2022-09-12 06:52:12,2022-09-16 06:52:12,6,0,47
413,93,2022-06-30 20:54:58,2022-07-05 20:54:58,5,0,18
414,352,2021-12-12 11:45:05,2021-12-15 11:45:05,1,0,3
415,488,2022-01-14 17:35:17,2022-01-15 17:35:17,9,0,26
416,227,2022-02-12 01:08:14,2022-02-18 01:08:14,9,0,9
417,426,2022-02-09 16:43:24,2022-02-15 16:43:24,5,0,17
418,244,2021-11-17 15:55:38,2021-11-21 15:55:38,5,0,30
419,490,2021-12-29 08:04:36,2022-01-02 08:04:36,9,0,19
420,379,2021-12-19 16:08:38,2021-12-26 16:08:38,7,0,13
421,135,2021-12-11 23:43:00,2021-12-13 23:43:00,7,0,8
422,181,2022-08-29 05:52:30,2022-08-30 05:52:30,4,0,34
423,319,2022-03-01 12:42:55,2022-03-04 12:42:55,5,0,49
424,93,2022-01-26 05:28:32,2022-01-28 05:28:32,7,0,2
425,345,2021-09-13 05:16:33,2021-09-14 05:16:33,6,0,16
426,456,2022-09-02 06:23:10,2022-09-08 06:23:10,7,0,38
427,30,2022-09-10 07:17:29,2022-09-12 07:17:29,2,0,37
428,235,2021-10-10 19:41:56,2021-10-11 19:41:56,3,0,1
429,410,2022-03-29 18:28:55,2022-04-02 18:28:55,7,0,29
430,145,2022-08-23 15:51:04,2022-08-25 15:51:04,5,0,5
431,175,2022-04-15 06:20:45,2022-04-22 06:20:45,5,0,6
432,239,2022-05-19 19:02:12,2022-05-22 19:02:12,4,0,24
433,428,2021-09-29 20:32:09,2021-09-30 20:32:09,8,0,25
434,373,2022-01-21 03:58:07,2022-01-27 03:58:07,2,0,41
435,496,2021-09-21 19:12:46,2021-09-23 19:12:46,8,0,33
436,57,2022-04-28 09:02:33,2022-05-01 09:02:33,4,0,22
437,480,2021-11-26 01:35:07,2021-11-30 01:35:07,2,0,28
438,432,2022-04-12 22:15:22,2022-04-17 22:15:22,3,0,4
439,158,2022-08-29 22:06:17,2022-09-05 22:06:17,7,0,42
440,251,2021-12-20 05:12:39,2021-12-21 05:12:39,5,0,45
441,466,2022-07-30 09:44:14,2022-08-05 09:44:14,10,0,12
442,93,2021-12-27 06:51:50,2021-12-29 06:51:50,7,0,35
443,106,2021-12-19 00:34:18,2021-12-23 00:34:18,7,0,21
444,242,2022-06-01 13:56:08,2022-06-04 13:56:08,5,0,31
445,85,2021-11-13 07:41:57,2021-11-19 07:41:57,2,0,40
446,126,2021-10-09 04:02:28,2021-10-12 04:02:28,7,0,7
447,371,2022-04-19 17:55:28,2022-04-22 17:55:28,10,0,43
448,15,2022-01-11 01:45:11,2022-01-18 01:45:11,3,0,50
449,220,2022-08-17 14:36:46,2022-08-22 14:36:46,8,0,39
450,188,2022-03-03 20:25:02,2022-03-08 20:25:02,2,0,46
451,243,2021-12-17 06:26:17,2021-12-18 06:26:17,10,0,24
452,126,2022-02-27 17:36:37,2022-03-05 17:36:37,5,0,42
453,463,2022-07-16 11:59:20,2022-07-21 11:59:20,5,0,30
454,188,2022-06-26 13:33:57,2022-06-30 13:33:57,2,1,12
455,10,2021-11-07 22:04:49,2021-11-10 22:04:49,5,0,18
456,8,2021-11-18 09:55:25,2021-11-25 09:55:25,1,0,48
457,195,2022-09-08 03:40:50,2022-09-13 03:40:50,6,0,5
458,3,2022-09-03 05:49:47,2022-09-04 05:49:47,2,0,25
459,471,2022-05-17 08:43:34,2022-05-22 08:43:34,1,0,22
460,347,2022-03-18 18:39:10,2022-03-23 18:39:10,8,0,39
461,273,2022-05-03 15:55:45,2022-05-06 15:55:45,3,0,1
462,263,2021-11-23 09:17:41,2021-11-26 09:17:41,9,0,14
463,101,2022-02-28 12:12:43,2022-03-06 12:12:43,5,0,4
464,52,2022-01-21 12:44:01,2022-01-28 12:44:01,3,1,19
465,380,2021-12-20 23:02:42,2021-12-22 23:02:42,8,0,29
466,258,2021-09-24 03:29:06,2021-09-30 03:29:06,2,0,46
467,37,2022-01-24 19:27:08,2022-01-28 19:27:08,3,1,35
468,151,2022-04-10 23:50:29,2022-04-14 23:50:29,5,0,32
469,228,2022-08-03 08:35:21,2022-08-09 08:35:21,1,0,9
470,407,2022-07-10 14:08:28,2022-07-15 14:08:28,6,0,37
471,62,2022-03-09 18:05:52,2022-03-11 18:05:52,7,0,7
472,277,2022-01-10 19:15:01,2022-01-11 19:15:01,6,0,41
473,330,2021-10-08 20:35:04,2021-10-11 20:35:04,4,0,16
474,123,2022-06-04 09:06:53,2022-06-09 09:06:53,4,0,15
475,288,2022-03-29 09:06:18,2022-04-04 09:06:18,2,0,10
476,274,2022-04-05 20:30:23,2022-04-09 20:30:23,9,0,45
477,64,2021-11-09 01:47:37,2021-11-11 01:47:37,4,0,34
478,123,2022-01-28 08:12:39,2022-01-30 08:12:39,2,0,47
479,383,2021-10-07 18:16:10,2021-10-09 18:16:10,4,0,50
480,119,2022-07-26 20:38:39,2022-08-02 20:38:39,6,0,23
481,476,2021-09-17 23:40:49,2021-09-24 23:40:49,9,1,21
482,206,2022-05-14 04:07:46,2022-05-18 04:07:46,2,0,27
483,26,2021-12-06 18:35:11,2021-12-11 18:35:11,8,0,20
484,127,2022-07-25 13:15:03,2022-07-27 13:15:03,4,1,13
485,467,2022-09-10 10:27:56,2022-09-11 10:27:56,10,0,11
486,167,2022-01-01 13:16:54,2022-01-04 13:16:54,3,0,6
487,2,2022-08-25 03:08:43,2022-08-26 03:08:43,1,0,26
488,125,2022-05-15 08:18:46,2022-05-17 08:18:46,7,0,17
489,80,2022-06-09 11:04:36,2022-06-12 11:04:36,2,0,33
490,181,2022-01-28 15:44:39,2022-02-04 15:44:39,3,1,49
491,311,2022-07-22 20:07:29,2022-07-25 20:07:29,6,1,43
492,456,2022-08-17 11:12:26,2022-08-19 11:12:26,1,0,3
493,436,2022-03-28 16:17:45,2022-03-29 16:17:45,7,0,8
494,367,2021-12-23 08:19:28,2021-12-24 08:19:28,9,0,38
495,418,2022-01-25 07:42:58,2022-01-26 07:42:58,4,0,28
496,186,2022-02-22 05:26:40,2022-02-23 05:26:40,2,0,44
497,35,2022-07-13 00:24:16,2022-07-20 00:24:16,5,0,31
498,77,2022-02-22 07:59:33,2022-03-01 07:59:33,1,0,40
499,361,2022-02-20 02:55:53,2022-02-25 02:55:53,5,0,2
500,458,2022-09-08 22:05:21,2022-09-14 22:05:21,3,0,36
501,371,2022-08-22 16:08:15,2022-08-24 16:08:15,2,0,18
502,231,2021-10-23 03:00:39,2021-10-29 03:00:39,3,1,48
503,461,2022-08-18 08:38:48,2022-08-24 08:38:48,4,0,1
504,474,2021-10-01 14:15:40,2021-10-04 14:15:40,4,0,21
505,197,2022-05-19 10:16:31,2022-05-21 10:16:31,1,0,36
506,484,2022-01-12 13:55:28,2022-01-16 13:55:28,5,0,23
507,230,2021-09-27 09:05:34,2021-09-30 09:05:34,10,0,4
508,458,2022-08-30 19:38:17,2022-09-03 19:38:17,6,0,17
509,303,2022-05-11 01:02:01,2022-05-16 01:02:01,6,0,5
510,488,2022-05-07 00:56:51,2022-05-11 00:56:51,7,0,15
511,289,2022-06-29 03:19:02,2022-07-03 03:19:02,5,0,25
512,261,2022-06-12 03:09:03,2022-06-13 03:09:03,6,0,26
513,369,2021-11-10 18:16:26,2021-11-16 18:16:26,8,0,19
514,75,2021-12-29 04:41:51,2022-01-02 04:41:51,1,0,9
515,121,2022-01-08 14:50:54,2022-01-11 14:50:54,8,0,10
516,137,2022-08-06 04:35:24,2022-08-11 04:35:24,3,0,49
517,300,2022-09-03 09:18:30,2022-09-10 09:18:30,1,1,35
518,406,2022-03-24 04:00:07,2022-03-31 04:00:07,2,0,39
519,252,2022-08-16 16:28:34,2022-08-21 16:28:34,9,0,42
520,76,2021-10-20 17:35:03,2021-10-23 17:35:03,9,0,50
521,77,2022-08-11 19:51:28,2022-08-15 19:51:28,8,0,22
522,320,2022-02-05 11:53:02,2022-02-06 11:53:02,5,0,45
523,451,2022-01-11 21:17:04,2022-01-16 21:17:04,1,0,32
524,228,2022-09-01 05:23:58,2022-09-03 05:23:58,4,0,30
525,232,2021-10-31 12:25:32,2021-11-06 12:25:32,2,0,34
526,188,2021-12-03 21:20:05,2021-12-07 21:20:05,7,0,38
527,345,2021-10-10 14:59:33,2021-10-16 14:59:33,7,0,44
528,170,2022-06-06 02:27:07,2022-06-12 02:27:07,8,0,33
529,362,2022-07-01 08:43:17,2022-07-08 08:43:17,2,0,46
530,334,2022-01-11 17:52:06,2022-01-15 17:52:06,2,0,27
531,346,2022-01-12 14:06:25,2022-01-13 14:06:25,10,0,2
532,454,2021-12-28 22:16:59,2021-12-30 22:16:59,9,0,31
533,20,2021-11-12 21:56:23,2021-11-17 21:56:23,6,0,29
534,28,2021-12-05 15:56:37,2021-12-09 15:56:37,1,0,8
535,252,2022-07-29 10:03:14,2022-08-05 10:03:14,5,0,41
536,20,2022-03-04 23:54:53,2022-03-07 23:54:53,3,0,24
537,138,2022-05-23 06:40:11,2022-05-25 06:40:11,7,0,40
538,247,2022-04-14 09:26:24,2022-04-19 09:26:24,8,0,47
539,149,2021-12-06 15:38:11,2021-12-08 15:38:11,6,0,14
540,188,2022-02-11 20:29:18,2022-02-13 20:29:18,6,0,11
541,143,2022-01-10 00:28:45,2022-01-11 00:28:45,1,0,43
542,163,2022-01-15 19:54:38,2022-01-21 19:54:38,4,0,7
543,147,2022-06-23 23:53:59,2022-06-29 23:53:59,5,0,20
544,17,2022-04-02 02:18:21,2022-04-09 02:18:21,5,0,12
545,1,2022-07-02 10:30:05,2022-07-07 10:30:05,8,0,16
546,50,2022-02-20 18:29:27,2022-02-23 18:29:27,7,0,28
547,315,2022-02-10 08:11:57,2022-02-17 08:11:57,6,0,13
548,241,2022-01-07 06:41:14,2022-01-11 06:41:14,10,0,6
549,145,2021-10-21 09:22:17,2021-10-24 09:22:17,10,0,3
550,237,2022-07-31 04:58:15,2022-08-05 04:58:15,4,0,37
551,416,2021-10-14 02:40:06,2021-10-15 02:40:06,9,0,44
552,235,2022-01-08 22:47:08,2022-01-13 22:47:08,6,0,17
553,32,2021-09-15 03:20:29,2021-09-19 03:20:29,10,0,49
554,299,2021-12-01 09:43:55,2021-12-04 09:43:55,4,0,29
555,454,2022-02-17 22:48:12,2022-02-21 22:48:12,3,0,28
556,225,2021-10-21 23:24:56,2021-10-26 23:24:56,10,0,47
557,202,2021-11-19 08:25:41,2021-11-22 08:25:41,5,0,32
558,43,2022-02-09 03:33:16,2022-02-13 03:33:16,10,0,6
559,412,2022-02-26 00:37:29,2022-03-02 00:37:29,10,0,40
560,241,2022-09-01 15:43:23,2022-09-05 15:43:23,1,0,21
561,364,2022-04-26 12:58:51,2022-04-29 12:58:51,4,0,5
562,379,2021-10-11 12:56:06,2021-10-14 12:56:06,5,0,15
563,369,2022-07-05 16:26:24,2022-07-08 16:26:24,9,0,34
564,173,2022-01-13 17:40:09,2022-01-16 17:40:09,10,0,46
565,335,2022-06-05 11:14:42,2022-06-07 11:14:42,1,0,1
566,241,2022-03-13 13:37:20,2022-03-17 13:37:20,1,0,11
567,416,2022-02-23 19:08:19,2022-03-01 19:08:19,4,0,4
568,133,2022-08-17 19:53:59,2022-08-23 19:53:59,2,0,43
569,197,2022-08-01 06:59:25,2022-08-02 06:59:25,2,0,25
570,336,2022-08-12 11:34:41,2022-08-18 11:34:41,9,0,27
571,66,2022-03-07 17:41:57,2022-03-10 17:41:57,7,0,48
572,310,2022-04-17 02:39:38,2022-04-22 02:39:38,3,0,24
573,260,2022-05-15 15:40:19,2022-05-22 15:40:19,3,0,20
574,304,2022-06-07 03:03:05,2022-06-10 03:03:05,2,0,50
575,431,2022-05-25 17:29:59,2022-05-31 17:29:59,10,0,39
576,481,2021-12-16 22:31:23,2021-12-22 22:31:23,3,0,10
577,269,2021-11-19 14:43:48,2021-11-21 14:43:48,3,0,13
578,434,2022-01-12 00:03:00,2022-01-17 00:03:00,8,0,36
579,424,2021-09-14 19:54:50,2021-09-17 19:54:50,1,0,22
580,215,2022-02-02 04:57:01,2022-02-08 04:57:01,8,0,38
581,379,2022-02-19 12:06:53,2022-02-23 12:06:53,7,0,37
582,390,2022-06-26 14:51:23,2022-06-28 14:51:23,7,0,26
583,343,2021-10-21 22:12:04,2021-10-25 22:12:04,8,0,14
584,198,2022-07-14 00:01:45,2022-07-18 00:01:45,3,0,33
585,45,2022-09-10 23:25:06,2022-09-12 23:25:06,4,0,35
586,174,2021-11-29 02:48:12,2021-12-01 02:48:12,3,0,3
587,78,2022-02-19 22:11:47,2022-02-26 22:11:47,10,0,8
588,408,2022-07-21 11:08:49,2022-07-22 11:08:49,3,0,2
589,434,2022-08-05 15:40:31,2022-08-12 15:40:31,10,0,42
590,484,2021-11-19 15:33:55,2021-11-25 15:33:55,3,0,31
591,247,2022-07-25 10:13:55,2022-07-26 10:13:55,4,0,9
592,405,2022-03-05 23:40:22,2022-03-11 23:40:22,10,0,18
593,324,2021-09-29 00:20:53,2021-10-05 00:20:53,2,0,45
594,434,2022-04-02 23:03:46,2022-04-06 23:03:46,7,0,19
595,136,2022-01-15 02:20:21,2022-01-18 02:20:21,8,0,12
596,70,2022-04-25 06:51:14,2022-04-30 06:51:14,3,0,16
597,158,2021-11-15 16:40:00,2021-11-17 16:40:00,10,0,7
598,306,2022-01-09 15:26:59,2022-01-10 15:26:59,8,0,41
599,444,2022-09-04 11:29:47,2022-09-09 11:29:47,1,0,30
600,23,2022-05-12 09:59:10,2022-05-15 09:59:10,8,1,23
601,446,2021-11-24 16:51:13,2021-11-28 16:51:13,10,0,12
602,194,2022-02-16 08:15:43,2022-02-17 08:15:43,6,0,20
603,264,2022-09-07 15:45:17,2022-09-11 15:45:17,7,0,45
604,443,2022-07-10 02:25:59,2022-07-15 02:25:59,4,0,8
605,440,2022-01-29 02:12:43,2022-01-31 02:12:43,4,0,13
606,186,2021-10-23 14:49:28,2021-10-25 14:49:28,7,0,36
607,282,2022-09-06 04:20:19,2022-09-11 04:20:19,6,0,5
608,359,2022-06-20 10:27:09,2022-06-26 10:27:09,7,1,4
609,202,2022-01-28 10:27:43,2022-02-02 10:27:43,9,0,30
610,272,2021-10-12 03:06:14,2021-10-14 03:06:14,10,0,10
611,2,2021-11-14 13:47:49,2021-11-16 13:47:49,3,0,2
612,299,2022-03-12 12:57:48,2022-03-18 12:57:48,4,0,33
613,53,2022-09-07 02:04:37,2022-09-14 02:04:37,1,0,28
614,181,2022-04-22 09:57:55,2022-04-23 09:57:55,2,0,15
615,96,2022-07-25 21:21:29,2022-08-01 21:21:29,8,0,14
616,414,2022-01-08 08:26:18,2022-01-15 08:26:18,9,0,1
617,318,2021-10-30 15:36:53,2021-11-04 15:36:53,8,0,32
618,284,2022-09-06 00:25:00,2022-09-13 00:25:00,4,0,17
619,200,2022-06-06 13:39:58,2022-06-09 13:39:58,9,0,44
620,154,2022-07-04 16:20:07,2022-07-11 16:20:07,3,0,16
621,444,2022-07-08 00:52:03,2022-07-11 00:52:03,1,0,50
622,355,2022-01-04 14:36:35,2022-01-09 14:36:35,7,0,35
623,139,2022-05-10 06:29:06,2022-05-14 06:29:06,2,0,49
624,376,2021-10-05 00:18:41,2021-10-12 00:18:41,7,0,48
625,417,2022-06-08 06:52:31,2022-06-09 06:52:31,7,0,9
626,250,2022-05-26 02:44:09,2022-05-27 02:44:09,6,0,24
627,309,2022-02-21 01:16:44,2022-02-25 01:16:44,9,0,37
628,252,2021-10-28 01:42:10,2021-11-01 01:42:10,4,0,26
629,56,2021-11-02 15:56:43,2021-11-06 15:56:43,10,0,3
630,388,2022-01-03 11:55:09,2022-01-09 11:55:09,6,0,34
631,438,2022-06-29 17:11:39,2022-07-06 17:11:39,3,0,22
632,272,2022-07-02 02:11:00,2022-07-07 02:11:00,6,0,23
633,69,2022-07-22 15:45:33,2022-07-26 15:45:33,8,0,27
634,396,2022-03-09 19:05:09,2022-03-12 19:05:09,4,0,6
635,474,2021-11-01 17:16:11,2021-11-02 17:16:11,6,0,29
636,267,2022-05-04 22:25:56,2022-05-10 22:25:56,10,0,47
637,470,2022-08-27 04:54:54,2022-09-03 04:54:54,9,0,7
638,59,2022-03-31 09:07:23,2022-04-04 09:07:23,7,0,42
639,366,2021-11-26 12:34:00,2021-12-03 12:34:00,1,0,46
640,451,2022-06-07 15:52:37,2022-06-14 15:52:37,6,0,25
641,34,2022-01-28 17:07:28,2022-02-01 17:07:28,8,0,41
642,194,2021-11-20 05:00:07,2021-11-21 05:00:07,4,0,21
643,22,2022-02-21 22:22:22,2022-02-28 22:22:22,9,0,40
644,387,2021-10-04 17:12:33,2021-10-05 17:12:33,4,0,39
645,182,2022-02-06 06:53:25,2022-02-09 06:53:25,9,0,11
646,96,2022-03-17 03:01:36,2022-03-22 03:01:36,4,0,31
647,254,2022-03-03 08:42:39,2022-03-06 08:42:39,4,0,43
648,180,2022-05-03 20:39:17,2022-05-08 20:39:17,1,0,18
649,63,2022-03-18 22:15:35,2022-03-24 22:15:35,2,0,19
650,97,2022-06-18 01:50:03,2022-06-21 01:50:03,9,0,38
651,14,2022-05-03 19:03:40,2022-05-10 19:03:40,4,0,10
652,344,2021-12-04 11:32:18,2021-12-09 11:32:18,9,0,28
653,137,2022-04-10 05:28:04,2022-04-16 05:28:04,5,0,19
654,183,2021-12-07 11:34:37,2021-12-11 11:34:37,9,0,43
655,148,2021-09-30 00:49:22,2021-10-02 00:49:22,6,0,35
656,346,2022-03-24 04:40:05,2022-03-25 04:40:05,9,0,23
657,416,2022-04-10 09:54:07,2022-04-14 09:54:07,6,0,31
658,257,2021-11-14 10:33:19,2021-11-16 10:33:19,8,0,29
659,344,2022-07-19 04:52:23,2022-07-26 04:52:23,5,0,16
660,168,2022-02-04 10:51:05,2022-02-09 10:51:05,5,0,42
661,37,2022-03-06 18:10:49,2022-03-11 18:10:49,8,0,13
662,216,2022-08-16 14:28:14,2022-08-17 14:28:14,2,0,20
663,79,2021-10-09 07:20:13,2021-10-14 07:20:13,1,0,47
664,125,2022-08-23 01:27:07,2022-08-26 01:27:07,2,0,21
665,117,2022-01-01 20:24:46,2022-01-05 20:24:46,3,0,12
666,150,2021-11-21 14:24:04,2021-11-25 14:24:04,3,0,36
667,370,2022-06-10 21:47:17,2022-06-15 21:47:17,10,0,39
668,264,2022-09-08 03:00:52,2022-09-10 03:00:52,9,0,2
669,105,2022-08-08 11:33:04,2022-08-13 11:33:04,4,0,45
670,75,2022-06-22 07:47:09,2022-06-28 07:47:09,10,0,9
671,325,2021-11-14 20:24:38,2021-11-21 20:24:38,10,0,50
672,267,2022-02-16 18:21:38,2022-02-21 18:21:38,6,0,46
673,103,2021-11-05 02:12:48,2021-11-12 02:12:48,3,0,8
674,42,2021-09-20 12:51:31,2021-09-21 12:51:31,9,0,49
675,202,2022-06-16 05:23:25,2022-06-22 05:23:25,10,0,37
676,247,2022-05-22 19:22:25,2022-05-29 19:22:25,6,0,5
677,334,2022-04-03 16:33:13,2022-04-09 16:33:13,8,0,11
678,150,2022-05-31 18:28:48,2022-06-06 18:28:48,5,0,4
679,152,2022-07-20 23:52:18,2022-07-25 23:52:18,9,0,7
680,422,2021-09-20 08:30:12,2021-09-21 08:30:12,6,0,15
681,94,2022-04-24 06:25:56,2022-04-28 06:25:56,3,0,33
682,26,2022-06-03 18:11:59,2022-06-04 18:11:59,9,0,14
683,64,2021-12-19 11:45:02,2021-12-25 11:45:02,1,0,41
684,248,2021-10-07 20:20:45,2021-10-12 20:20:45,1,0,22
685,204,2022-01-11 03:15:57,2022-01-13 03:15:57,4,0,48
686,46,2022-03-04 13:07:09,2022-03-07 13:07:09,8,0,44
687,358,2022-01-27 12:55:40,2022-02-01 12:55:40,9,0,34
688,29,2021-09-30 06:13:08,2021-10-06 06:13:08,3,0,32
689,351,2022-09-12 01:52:15,2022-09-17 01:52:15,3,0,18
690,342,2022-01-25 12:47:14,2022-01-29 12:47:14,9,0,17
691,429,2021-10-27 06:46:26,2021-10-30 06:46:26,5,0,26
692,458,2022-08-31 12:31:52,2022-09-01 12:31:52,3,0,27
693,370,2022-02-23 00:40:14,2022-03-01 00:40:14,7,0,1
694,103,2022-08-15 10:42:35,2022-08-20 10:42:35,7,0,25
695,287,2022-02-28 00:42:38,2022-03-04 00:42:38,6,0,3
696,193,2021-10-16 10:57:51,2021-10-22 10:57:51,9,0,24
697,269,2022-02-16 19:35:53,2022-02-18 19:35:53,7,0,38
698,226,2022-02-12 17:26:30,2022-02-14 17:26:30,7,0,6
699,495,2022-05-28 22:37:02,2022-05-30 22:37:02,6,0,30
700,30,2022-03-15 07:41:23,2022-03-19 07:41:23,5,0,40
701,206,2022-05-18 22:49:23,2022-05-22 22:49:23,5,0,23
702,248,2022-07-31 22:00:49,2022-08-02 22:00:49,6,0,30
703,392,2022-01-16 21:57:14,2022-01-20 21:57:14,2,0,15
704,158,2022-07-09 18:48:30,2022-07-13 18:48:30,3,0,8
705,49,2022-07-13 08:16:41,2022-07-20 08:16:41,4,0,44
706,406,2021-11-14 01:40:55,2021-11-15 01:40:55,6,0,25
707,2,2022-08-01 11:53:23,2022-08-06 11:53:23,9,0,13
708,315,2021-09-26 08:57:06,2021-10-01 08:57:06,8,0,14
709,480,2022-03-24 08:32:52,2022-03-26 08:32:52,10,0,43
710,401,2022-06-10 06:18:29,2022-06-15 06:18:29,5,0,29
711,205,2022-04-22 02:42:26,2022-04-24 02:42:26,9,0,11
712,376,2021-12-12 10:42:12,2021-12-18 10:42:12,2,0,38
713,496,2022-04-29 19:37:44,2022-05-04 19:37:44,1,1,20
714,49,2021-09-17 20:14:00,2021-09-20 20:14:00,4,0,36
715,107,2022-06-30 19:04:01,2022-07-05 19:04:01,1,0,17
716,333,2021-09-27 16:15:12,2021-10-03 16:15:12,3,0,27
717,487,2022-03-19 15:22:43,2022-03-21 15:22:43,8,0,9
718,224,2022-01-09 07:08:06,2022-01-15 07:08:06,3,0,33
719,119,2022-04-30 03:03:59,2022-05-03 03:03:59,6,0,40
720,142,2022-02-22 07:55:36,2022-02-26 07:55:36,9,0,7
721,330,2022-01-03 07:07:42,2022-01-06 07:07:42,7,0,21
722,495,2021-10-30 14:32:54,2021-11-03 14:32:54,6,0,28
723,140,2022-07-20 05:47:24,2022-07-25 05:47:24,6,0,24
724,401,2021-12-20 07:59:46,2021-12-26 07:59:46,7,0,39
725,279,2022-01-17 17:15:54,2022-01-24 17:15:54,1,0,2
726,250,2022-04-07 00:57:10,2022-04-13 00:57:10,7,0,48
727,381,2021-12-06 23:19:54,2021-12-11 23:19:54,5,0,1
728,198,2021-11-04 22:26:38,2021-11-06 22:26:38,7,0,49
729,186,2021-09-13 09:50:40,2021-09-14 09:50:40,2,0,34
730,1,2022-01-15 01:23:33,2022-01-17 01:23:33,9,0,16
731,402,2021-10-10 14:21:24,2021-10-12 14:21:24,8,0,50
732,289,2022-04-27 12:06:30,2022-05-03 12:06:30,2,0,22
733,443,2022-03-14 22:58:28,2022-03-19 22:58:28,3,0,47
734,52,2021-12-07 03:17:07,2021-12-13 03:17:07,10,0,19
735,410,2022-04-24 01:52:27,2022-04-30 01:52:27,2,0,41
736,288,2022-01-07 01:36:41,2022-01-14 01:36:41,10,0,46
737,397,2022-09-08 01:06:38,2022-09-10 01:06:38,8,0,12
738,452,2022-03-04 14:48:17,2022-03-08 14:48:17,1,0,3
739,279,2022-07-27 17:25:27,2022-07-31 17:25:27,2,0,5
740,160,2022-09-08 19:51:34,2022-09-15 19:51:34,3,0,35
741,306,2022-05-20 19:50:21,2022-05-25 19:50:21,7,0,31
742,219,2022-03-11 05:16:26,2022-03-18 05:16:26,5,0,42
743,131,2022-03-25 18:15:34,2022-03-31 18:15:34,1,0,32
744,372,2022-03-10 21:03:54,2022-03-17 21:03:54,10,1,45
745,115,2022-04-11 03:07:07,2022-04-13 03:07:07,8,0,37
746,29,2022-08-02 03:47:27,2022-08-07 03:47:27,7,0,18
747,22,2022-08-05 08:37:06,2022-08-06 08:37:06,6,0,26
748,306,2022-02-12 06:53:51,2022-02-13 06:53:51,2,0,4
749,454,2022-04-06 16:05:39,2022-04-13 16:05:39,1,0,10
750,361,2022-04-04 04:09:41,2022-04-06 04:09:41,9,0,6
751,417,2021-10-06 05:10:28,2021-10-08 05:10:28,4,0,16
752,453,2022-05-16 02:59:43,2022-05-22 02:59:43,5,0,32
753,236,2021-10-08 01:55:15,2021-10-15 01:55:15,5,0,28
754,73,2022-07-01 23:00:07,2022-07-08 23:00:07,4,0,43
755,45,2022-04-05 20:18:48,2022-04-09 20:18:48,4,0,49
756,212,2021-10-28 23:31:18,2021-10-30 23:31:18,4,0,2
757,145,2022-03-09 20:33:01,2022-03-14 20:33:01,4,0,7
758,89,2021-12-18 22:55:23,2021-12-21 22:55:23,3,0,44
759,192,2022-04-14 05:09:01,2022-04-21 05:09:01,8,0,35
760,416,2022-08-10 05:25:56,2022-08-14 05:25:56,7,0,40
761,410,2022-07-30 03:37:19,2022-08-03 03:37:19,3,0,25
762,232,2022-07-30 19:33:02,2022-07-31 19:33:02,5,0,39
763,429,2021-11-29 03:07:25,2021-12-05 03:07:25,1,0,34
764,52,2022-02-27 18:53:38,2022-03-03 18:53:38,5,0,15
765,267,2022-06-10 01:18:46,2022-06-14 01:18:46,10,0,20
766,163,2022-08-29 05:22:03,2022-09-04 05:22:03,10,1,3
767,36,2022-06-21 06:19:15,2022-06-25 06:19:15,10,0,22
768,291,2022-03-28 23:46:49,2022-04-04 23:46:49,6,0,12
769,311,2022-02-18 00:04:00,2022-02-20 00:04:00,5,0,38
770,414,2022-06-07 04:27:19,2022-06-13 04:27:19,1,0,11
771,346,2022-06-19 03:34:30,2022-06-22 03:34:30,5,0,30
772,134,2022-01-07 13:36:04,2022-01-11 13:36:04,1,0,5
773,255,2022-04-05 21:47:11,2022-04-12 21:47:11,3,0,36
774,189,2022-06-23 06:54:49,2022-06-25 06:54:49,8,0,46
775,9,2022-06-21 02:15:23,2022-06-24 02:15:23,1,0,37
776,312,2022-02-27 04:22:23,2022-02-28 04:22:23,1,0,33
777,349,2022-01-03 22:34:09,2022-01-05 22:34:09,4,0,24
778,321,2021-11-21 07:11:30,2021-11-28 07:11:30,1,0,42
779,96,2022-06-07 06:42:22,2022-06-12 06:42:22,9,0,41
780,464,2021-11-30 03:35:23,2021-12-06 03:35:23,4,0,18
781,263,2022-01-17 02:28:43,2022-01-22 02:28:43,9,0,8
782,314,2022-02-23 18:04:37,2022-02-28 18:04:37,3,0,31
783,374,2021-11-24 17:16:52,2021-11-29 17:16:52,1,0,47
784,134,2021-11-29 18:29:58,2021-12-02 18:29:58,5,0,4
785,426,2022-08-25 03:40:36,2022-08-28 03:40:36,2,0,27
786,266,2022-05-08 12:06:58,2022-05-12 12:06:58,2,0,45
787,256,2022-05-17 06:00:04,2022-05-23 06:00:04,4,0,26
788,432,2021-12-03 15:54:03,2021-12-07 15:54:03,5,0,29
789,8,2021-12-15 04:45:16,2021-12-21 04:45:16,6,0,17
790,90,2021-10-16 16:55:19,2021-10-19 16:55:19,7,0,14
791,348,2022-03-11 15:53:07,2022-03-18 15:53:07,8,0,9
792,324,2022-01-06 15:36:10,2022-01-09 15:36:10,3,1,48
793,278,2022-08-06 14:52:45,2022-08-12 14:52:45,4,0,23
794,20,2022-06-12 08:20:37,2022-06-15 08:20:37,9,0,50
795,27,2022-03-29 06:01:07,2022-03-30 06:01:07,2,0,13
796,426,2021-10-18 23:07:08,2021-10-25 23:07:08,7,0,6
797,24,2022-01-13 02:53:32,2022-01-14 02:53:32,10,0,10
798,194,2022-03-25 00:35:27,2022-03-27 00:35:27,7,0,1
799,193,2022-06-07 19:39:56,2022-06-13 19:39:56,4,0,21
800,276,2021-12-06 10:50:15,2021-12-08 10:50:15,5,0,19
801,437,2021-11-22 07:08:38,2021-11-27 07:08:38,10,0,32
802,448,2022-08-11 14:11:43,2022-08-15 14:11:43,5,0,34
803,188,2022-01-05 00:02:02,2022-01-11 00:02:02,2,0,6
804,201,2022-04-27 01:40:25,2022-04-28 01:40:25,6,0,27
805,403,2022-01-16 04:38:52,2022-01-18 04:38:52,3,0,39
806,96,2022-02-04 21:31:40,2022-02-06 21:31:40,4,0,21
807,271,2022-02-20 07:49:16,2022-02-23 07:49:16,10,0,35
808,255,2022-07-10 10:31:18,2022-07-11 10:31:18,7,0,42
809,273,2021-10-19 00:16:30,2021-10-21 00:16:30,2,0,5
810,131,2022-04-11 01:46:55,2022-04-18 01:46:55,7,0,8
811,68,2022-08-05 14:40:37,2022-08-08 14:40:37,10,0,47
812,294,2022-02-12 03:26:37,2022-02-19 03:26:37,8,0,7
813,419,2022-06-10 04:48:28,2022-06-13 04:48:28,2,0,14
814,238,2022-06-21 13:04:27,2022-06-24 13:04:27,5,0,1
815,431,2022-01-20 07:30:18,2022-01-22 07:30:18,9,0,49
816,193,2022-06-03 03:49:03,2022-06-06 03:49:03,7,0,4
817,398,2022-07-27 06:06:47,2022-07-31 06:06:47,8,0,36
818,49,2021-11-28 10:06:34,2021-11-30 10:06:34,2,0,33
819,162,2021-11-19 04:26:50,2021-11-25 04:26:50,6,0,9
820,185,2021-12-20 04:28:40,2021-12-23 04:28:40,6,0,22
821,254,2021-10-23 17:45:58,2021-10-30 17:45:58,1,0,45
822,12,2022-01-05 12:05:43,2022-01-10 12:05:43,8,0,25
823,179,2022-07-30 07:57:17,2022-08-01 07:57:17,1,1,13
824,414,2021-10-29 01:35:43,2021-10-31 01:35:43,5,0,16
825,104,2022-02-18 07:33:13,2022-02-25 07:33:13,10,0,15
826,461,2022-06-03 08:54:33,2022-06-09 08:54:33,5,0,43
827,137,2022-03-05 00:47:53,2022-03-06 00:47:53,2,0,44
828,464,2022-05-08 07:47:06,2022-05-13 07:47:06,7,0,20
829,134,2021-12-02 19:53:29,2021-12-08 19:53:29,8,1,12
830,376,2021-10-25 12:21:42,2021-10-31 12:21:42,3,0,29
831,414,2022-05-26 17:51:47,2022-05-31 17:51:47,10,0,48
832,32,2022-06-27 21:55:27,2022-07-02 21:55:27,5,0,50
833,369,2022-06-15 17:58:30,2022-06-22 17:58:30,7,0,30
834,178,2021-12-16 18:02:23,2021-12-20 18:02:23,7,0,41
835,128,2022-04-09 13:50:09,2022-04-16 13:50:09,7,0,11
836,318,2022-04-26 10:22:15,2022-04-29 10:22:15,9,1,17
837,335,2022-06-06 22:11:54,2022-06-11 22:11:54,8,0,40
838,487,2022-04-03 19:41:16,2022-04-09 19:41:16,3,0,38
839,470,2022-07-09 01:58:50,2022-07-15 01:58:50,3,0,31
840,175,2022-03-27 10:51:58,2022-03-28 10:51:58,6,0,28
841,232,2021-10-09 21:09:51,2021-10-16 21:09:51,6,0,46
842,173,2022-03-18 08:25:33,2022-03-20 08:25:33,8,0,23
843,32,2021-11-21 23:17:11,2021-11-22 23:17:11,6,0,19
844,487,2021-09-23 16:19:07,2021-09-27 16:19:07,4,1,37
845,468,2022-08-26 18:44:25,2022-08-31 18:44:25,1,0,24
846,196,2021-12-23 05:42:27,2021-12-28 05:42:27,7,0,18
847,358,2021-12-06 12:41:54,2021-12-07 12:41:54,1,0,10
848,160,2022-02-09 14:08:48,2022-02-14 14:08:48,4,0,2
849,262,2022-05-15 09:58:42,2022-05-18 09:58:42,7,0,26
850,262,2022-02-03 16:30:33,2022-02-06 16:30:33,10,0,3
851,269,2022-04-24 10:52:10,2022-05-01 10:52:10,2,0,19
852,359,2021-10-05 22:13:20,2021-10-10 22:13:20,5,0,14
853,162,2022-06-15 15:09:05,2022-06-19 15:09:05,1,0,22
854,32,2022-07-16 13:39:09,2022-07-22 13:39:09,8,0,3
855,275,2022-02-26 20:57:58,2022-03-05 20:57:58,6,0,40
856,448,2022-06-03 17:37:06,2022-06-07 17:37:06,10,0,42
857,30,2021-11-12 22:13:40,2021-11-15 22:13:40,9,0,17
858,46,2022-01-03 17:53:20,2022-01-10 17:53:20,3,0,30
859,217,2022-01-04 01:18:29,2022-01-10 01:18:29,3,0,49
860,304,2021-12-02 15:02:14,2021-12-03 15:02:14,4,0,43
861,441,2022-08-12 04:32:20,2022-08-19 04:32:20,9,0,24
862,437,2022-03-07 14:12:13,2022-03-11 14:12:13,4,0,28
863,386,2022-04-26 03:33:14,2022-04-27 03:33:14,2,0,7
864,267,2022-02-22 00:27:03,2022-02-24 00:27:03,10,0,23
865,45,2022-01-03 02:13:10,2022-01-09 02:13:10,9,0,37
866,26,2022-09-10 12:15:42,2022-09-14 12:15:42,5,0,45
867,76,2021-10-14 00:20:09,2021-10-15 00:20:09,1,0,21
868,70,2022-02-02 17:01:33,2022-02-04 17:01:33,8,0,48
869,487,2022-07-22 11:03:03,2022-07-24 11:03:03,8,0,41
870,257,2022-02-11 09:31:32,2022-02-12 09:31:32,3,0,39
871,248,2022-04-11 11:17:09,2022-04-16 11:17:09,3,0,46
872,499,2022-03-15 02:01:52,2022-03-18 02:01:52,5,0,12
873,51,2022-07-27 19:04:01,2022-07-28 19:04:01,5,0,11
874,5,2022-04-21 04:31:21,2022-04-23 04:31:21,2,0,16
875,52,2022-01-27 23:33:52,2022-01-29 23:33:52,9,0,6
876,227,2021-11-01 09:25:10,2021-11-02 09:25:10,3,0,10
877,407,2022-08-17 20:27:58,2022-08-18 20:27:58,1,0,35
878,210,2022-09-02 18:56:03,2022-09-07 18:56:03,8,0,32
879,376,2021-11-26 19:29:34,2021-11-30 19:29:34,2,0,5
880,398,2022-03-05 04:47:08,2022-03-12 04:47:08,6,0,33
881,398,2021-12-28 16:26:13,2021-12-29 16:26:13,1,0,50
882,188,2021-12-25 03:06:43,2021-12-27 03:06:43,3,0,44
883,251,2021-10-17 23:00:24,2021-10-24 23:00:24,2,0,13
884,82,2022-01-26 13:50:55,2022-01-31 13:50:55,8,0,29
885,175,2022-04-07 03:31:31,2022-04-09 03:31:31,4,0,27
886,27,2022-04-05 13:44:48,2022-04-11 13:44:48,10,0,31
887,203,2022-04-28 14:23:40,2022-05-02 14:23:40,3,0,36
888,149,2022-08-30 01:52:25,2022-09-01 01:52:25,9,0,9
889,414,2021-11-22 09:43:18,2021-11-25 09:43:18,7,0,18
890,364,2022-02-01 08:24:18,2022-02-06 08:24:18,6,1,20
891,112,2022-05-08 03:15:09,2022-05-14 03:15:09,1,0,8
892,108,2022-02-09 11:09:13,2022-02-15 11:09:13,3,0,34
893,450,2022-05-30 00:05:32,2022-06-06 00:05:32,8,1,15
894,310,2022-04-19 13:10:08,2022-04-25 13:10:08,5,0,38
895,336,2022-08-29 08:53:06,2022-09-03 08:53:06,3,0,4
896,494,2021-12-15 18:49:59,2021-12-19 18:49:59,1,0,47
897,265,2022-02-28 00:33:52,2022-03-04 00:33:52,4,0,25
898,126,2021-10-14 14:28:22,2021-10-21 14:28:22,2,0,26
899,130,2021-10-05 15:09:51,2021-10-06 15:09:51,1,0,2
900,19,2022-05-06 03:25:04,2022-05-09 03:25:04,10,0,1
901,250,2022-01-15 05:26:45,2022-01-19 05:26:45,3,0,20
902,239,2021-10-27 08:38:33,2021-10-28 08:38:33,8,1,16
903,172,2022-08-27 22:33:42,2022-08-29 22:33:42,2,0,26
904,182,2022-05-11 15:38:50,2022-05-15 15:38:50,9,0,29
905,359,2022-05-25 18:46:24,2022-06-01 18:46:24,6,0,11
906,255,2022-03-04 20:52:01,2022-03-08 20:52:01,5,0,30
907,266,2021-10-26 04:17:07,2021-11-02 04:17:07,5,0,28
908,489,2021-12-12 20:19:20,2021-12-17 20:19:20,7,0,24
909,396,2022-08-06 07:34:44,2022-08-09 07:34:44,5,0,3
910,1,2022-04-09 02:03:05,2022-04-10 02:03:05,3,0,18
911,81,2021-12-24 05:14:22,2021-12-25 05:14:22,4,0,41
912,250,2022-06-01 16:17:18,2022-06-04 16:17:18,4,0,45
913,376,2021-12-25 15:41:22,2022-01-01 15:41:22,7,0,39
914,277,2022-04-06 09:35:27,2022-04-12 09:35:27,4,0,23
915,56,2021-09-19 02:34:17,2021-09-20 02:34:17,1,0,14
916,3,2021-12-15 01:04:17,2021-12-21 01:04:17,7,0,43
917,22,2021-12-07 10:26:47,2021-12-10 10:26:47,10,0,49
918,301,2021-12-30 01:58:19,2021-12-31 01:58:19,8,0,15
919,479,2021-10-17 01:20:56,2021-10-18 01:20:56,8,0,46
920,452,2022-05-13 02:59:20,2022-05-20 02:59:20,9,0,22
921,48,2022-03-29 16:47:08,2022-04-03 16:47:08,10,0,40
922,104,2022-09-08 16:34:54,2022-09-15 16:34:54,3,0,10
923,247,2022-08-17 02:21:45,2022-08-24 02:21:45,9,1,27
924,443,2022-06-10 18:52:50,2022-06-12 18:52:50,3,0,12
925,497,2021-09-16 04:30:07,2021-09-21 04:30:07,9,0,47
926,170,2022-06-09 18:29:47,2022-06-11 18:29:47,3,1,35
927,459,2021-09-21 13:31:35,2021-09-23 13:31:35,3,0,6
928,149,2022-09-04 10:15:14,2022-09-10 10:15:14,7,0,25
929,283,2022-07-23 18:04:49,2022-07-25 18:04:49,7,0,21
930,179,2022-07-10 06:40:20,2022-07-16 06:40:20,7,0,38
931,91,2022-02-14 01:55:04,2022-02-20 01:55:04,7,0,17
932,190,2022-03-09 22:53:51,2022-03-11 22:53:51,8,0,34
933,396,2022-03-13 19:50:21,2022-03-14 19:50:21,6,0,32
934,186,2022-02-19 11:59:27,2022-02-22 11:59:27,6,0,19
935,359,2022-03-15 07:18:03,2022-03-21 07:18:03,4,0,1
936,407,2021-10-24 14:22:53,2021-10-26 14:22:53,1,0,42
937,186,2022-08-02 21:43:38,2022-08-03 21:43:38,10,0,9
938,286,2021-11-24 04:51:43,2021-11-29 04:51:43,9,0,7
939,383,2022-03-25 09:15:31,2022-03-26 09:15:31,5,1,37
940,72,2021-10-23 16:45:24,2021-10-28 16:45:24,1,0,2
941,225,2021-10-23 18:58:06,2021-10-25 18:58:06,1,0,8
942,133,2022-04-23 01:28:11,2022-04-30 01:28:11,1,0,50
943,95,2022-01-26 04:07:50,2022-01-31 04:07:50,3,0,31
944,170,2022-03-14 10:23:14,2022-03-20 10:23:14,6,0,13
945,237,2021-09-21 08:58:03,2021-09-24 08:58:03,6,0,4
946,398,2022-05-05 04:06:33,2022-05-08 04:06:33,10,0,48
947,356,2022-08-19 21:19:46,2022-08-23 21:19:46,9,0,44
948,310,2021-12-10 01:40:34,2021-12-11 01:40:34,2,0,33
949,34,2022-01-04 06:16:34,2022-01-08 06:16:34,7,0,5
950,3,2022-02-21 12:53:14,2022-02-26 12:53:14,7,0,36
951,402,2022-07-16 17:45:06,2022-07-22 17:45:06,2,0,46
952,266,2022-04-16 20:29:05,2022-04-18 20:29:05,1,0,32
953,498,2022-07-10 14:48:53,2022-07-12 14:48:53,4,0,18
954,122,2021-11-16 06:18:29,2021-11-23 06:18:29,6,0,35
955,404,2022-09-07 11:51:30,2022-09-14 11:51:30,9,0,19
956,153,2022-01-14 21:03:56,2022-01-20 21:03:56,1,0,9
957,94,2022-04-16 07:57:15,2022-04-18 07:57:15,3,0,27
958,96,2022-06-18 03:47:13,2022-06-21 03:47:13,1,1,29
959,373,2022-01-09 05:41:09,2022-01-14 05:41:09,2,0,20
960,28,2022-05-19 22:04:23,2022-05-20 22:04:23,3,0,48
961,299,2022-08-02 16:30:00,2022-08-03 16:30:00,4,0,34
962,52,2022-06-23 00:12:25,2022-06-28 00:12:25,7,1,15
963,292,2021-11-20 23:04:31,2021-11-23 23:04:31,6,0,43
964,139,2021-09-23 23:39:43,2021-09-26 23:39:43,6,0,23
965,146,2022-02-28 01:22:19,2022-03-07 01:22:19,8,0,1
966,495,2022-07-31 19:01:12,2022-08-07 19:01:12,7,0,36
967,376,2022-06-30 22:13:35,2022-07-06 22:13:35,5,0,33
968,89,2022-01-07 11:39:24,2022-01-14 11:39:24,1,0,12
969,55,2022-05-05 16:19:35,2022-05-11 16:19:35,4,0,2
970,280,2022-06-06 01:51:53,2022-06-07 01:51:53,8,0,7
971,304,2021-11-13 10:46:50,2021-11-14 10:46:50,7,0,11
972,53,2021-12-17 08:37:47,2021-12-19 08:37:47,5,0,30
973,371,2022-03-03 00:09:11,2022-03-04 00:09:11,7,0,28
974,487,2022-07-09 17:30:29,2022-07-12 17:30:29,2,0,41
975,373,2021-12-05 06:37:09,2021-12-11 06:37:09,1,0,13
976,340,2022-03-23 08:12:29,2022-03-25 08:12:29,6,0,45
977,40,2022-04-22 16:02:11,2022-04-28 16:02:11,9,0,8
978,127,2022-03-28 06:29:57,2022-04-03 06:29:57,7,0,39
979,264,2022-06-25 15:28:10,2022-06-26 15:28:10,8,0,37
980,103,2022-07-05 08:53:49,2022-07-09 08:53:49,6,0,47
981,344,2022-05-29 09:57:27,2022-06-05 09:57:27,2,0,26
982,18,2022-08-09 02:21:46,2022-08-12 02:21:46,2,0,3
983,21,2022-02-06 01:16:22,2022-02-07 01:16:22,1,0,6
984,251,2022-04-29 17:08:48,2022-04-30 17:08:48,5,0,16
985,310,2022-01-17 23:03:23,2022-01-19 23:03:23,7,0,49
986,343,2022-04-16 05:55:56,2022-04-19 05:55:56,9,0,21
987,64,2021-12-07 04:51:35,2021-12-12 04:51:35,2,0,14
988,305,2021-10-30 20:45:13,2021-11-06 20:45:13,4,0,22
989,266,2022-02-24 01:49:53,2022-02-27 01:49:53,1,0,4
990,65,2022-07-23 01:12:16,2022-07-28 01:12:16,7,0,50
991,334,2022-06-18 15:14:29,2022-06-25 15:14:29,2,0,44
992,303,2022-04-20 12:12:03,2022-04-21 12:12:03,10,0,31
993,413,2021-11-24 13:33:05,2021-11-27 13:33:05,2,0,38
994,57,2022-02-02 19:03:18,2022-02-04 19:03:18,4,0,17
995,21,2022-06-09 19:41:41,2022-06-12 19:41:41,9,0,10
996,184,2022-05-17 23:45:16,2022-05-21 23:45:16,10,0,25
997,493,2022-02-04 22:28:46,2022-02-06 22:28:46,10,0,24
998,149,2022-08-27 19:33:49,2022-08-31 19:33:49,5,0,42
999,329,2022-01-06 12:49:42,2022-01-09 12:49:42,7,0,5
1000,26,2022-02-15 18:33:02,2022-02-16 18:33:02,7,0,40
